RID,이름,주소,전화번호,메뉴,영업시간
7xpr5SnWpuAt,커피랑도서관 광명GIDC점,"경기도 광명시 일직로 43 A동 G층 커피랑도서관 지번
지도보기",0507-1415-1142,"아메리카노 ICED: 5,500원
아메리카노 HOT: 5,000원
초코라떼 HOT: 6,300원
말차라떼 HOT: 6,300원
고구마라떼 HOT: 6,500원
딸기라떼: 7,000원
카페라떼 HOT: 6,000원
카페라떼 ICED: 6,500원
아메리카노 ICED: 5,500원
아메리카노 HOT: 5,000원
초코라떼 HOT: 6,300원
말차라떼 HOT: 6,300원
고구마라떼 HOT: 6,500원
딸기라떼: 7,000원
카페라떼 HOT: 6,000원
카페라떼 ICED: 6,500원","{
    ""월"": {
        ""영업시간"": ""09:00 - 20:50"",
        ""브레이크타임"": ""브레이크타임 없음"",
        ""라스트오더"": ""20:20""
    },
    ""화"": {
        ""영업시간"": ""[오늘] 12.24 (화)09:00 - 20:50"",
        ""브레이크타임"": ""브레이크타임 없음"",
        ""라스트오더"": ""20:20""
    },
    ""수"": {
        ""영업시간"": ""09:00 - 20:50"",
        ""브레이크타임"": ""브레이크타임 없음"",
        ""라스트오더"": ""20:20""
    },
    ""목"": {
        ""영업시간"": ""09:00 - 20:50"",
        ""브레이크타임"": ""브레이크타임 없음"",
        ""라스트오더"": ""20:20""
    },
    ""금"": {
        ""영업시간"": ""09:00 - 20:50"",
        ""브레이크타임"": ""브레이크타임 없음"",
        ""라스트오더"": ""20:20""
    },
    ""토"": {
        ""영업시간"": ""10:00 - 20:50"",
        ""브레이크타임"": ""브레이크타임 없음"",
        ""라스트오더"": ""20:20""
    },
    ""일"": {
        ""영업시간"": ""10:00 - 20:50"",
        ""브레이크타임"": ""브레이크타임 없음"",
        ""라스트오더"": ""20:20""
    }
}"
0diDK1wNOxqm,폴바셋 광명 철산DT점,"경기도 광명시 오리로 883 지번
지도보기",02-2687-4930,"롱고: 4,900원
롱고: 4,900원","{
    ""월"": {
        ""영업시간"": ""08:00 - 22:00"",
        ""브레이크타임"": ""브레이크타임 없음"",
        ""라스트오더"": ""라스트오더 없음""
    },
    ""화"": {
        ""영업시간"": ""[오늘] 12.24 (화)08:00 - 22:00"",
        ""브레이크타임"": ""브레이크타임 없음"",
        ""라스트오더"": ""라스트오더 없음""
    },
    ""수"": {
        ""영업시간"": ""08:00 - 22:00"",
        ""브레이크타임"": ""브레이크타임 없음"",
        ""라스트오더"": ""라스트오더 없음""
    },
    ""목"": {
        ""영업시간"": ""08:00 - 22:00"",
        ""브레이크타임"": ""브레이크타임 없음"",
        ""라스트오더"": ""라스트오더 없음""
    },
    ""금"": {
        ""영업시간"": ""08:00 - 22:00"",
        ""브레이크타임"": ""브레이크타임 없음"",
        ""라스트오더"": ""라스트오더 없음""
    },
    ""토"": {
        ""영업시간"": ""08:00 - 22:00"",
        ""브레이크타임"": ""브레이크타임 없음"",
        ""라스트오더"": ""라스트오더 없음""
    },
    ""일"": {
        ""영업시간"": ""08:00 - 22:00"",
        ""브레이크타임"": ""브레이크타임 없음"",
        ""라스트오더"": ""라스트오더 없음""
    }
}"
uNBwK0r7XEZ5,BLCTD 자경,"경기도 광명시 새빛공원로 67 자이타워 C동 310호 지번
지도보기",0507-1319-8795,"일직동커피: 5,500원
자몽커피: 6,000원
플랫화이트: 4,500원
아메리카노: 3,900원
레몬페퍼민트: 5,000원
피치루이보스: 5,000원
레몬에이드: 5,000원
자몽에이드: 5,500원
딸기라떼: 5,000원
바나나푸딩: 7,000원
티라미슈: 7,000원
바스크치즈 케이크: 6,500원
쿠키: 4,500원
흑임자 바스크 치즈: 7,000원
블루베리케이크: 8,000원
베리굿!커피: 6,000원
크림화이트: 5,000원
크림블랙: 4,500원
바닐라라떼: 5,000원
오레그랏세: 5,500원
카페라떼: 4,500원
일직동커피: 5,500원
자몽커피: 6,000원
플랫화이트: 4,500원
아메리카노: 3,900원
레몬페퍼민트: 5,000원
피치루이보스: 5,000원
레몬에이드: 5,000원
자몽에이드: 5,500원
딸기라떼: 5,000원
바나나푸딩: 7,000원
티라미슈: 7,000원
바스크치즈 케이크: 6,500원
쿠키: 4,500원
흑임자 바스크 치즈: 7,000원
블루베리케이크: 8,000원
베리굿!커피: 6,000원
크림화이트: 5,000원
크림블랙: 4,500원
바닐라라떼: 5,000원
오레그랏세: 5,500원
카페라떼: 4,500원","{
    ""월"": {
        ""영업시간"": ""11:00 - 18:00"",
        ""브레이크타임"": ""브레이크타임 없음"",
        ""라스트오더"": ""라스트오더 없음""
    },
    ""화"": {
        ""영업시간"": ""[오늘] 12.24 (화)11:00 - 18:00"",
        ""브레이크타임"": ""브레이크타임 없음"",
        ""라스트오더"": ""라스트오더 없음""
    },
    ""수"": {
        ""영업시간"": ""11:00 - 18:00"",
        ""브레이크타임"": ""브레이크타임 없음"",
        ""라스트오더"": ""라스트오더 없음""
    },
    ""목"": {
        ""영업시간"": ""11:00 - 18:00"",
        ""브레이크타임"": ""브레이크타임 없음"",
        ""라스트오더"": ""라스트오더 없음""
    },
    ""금"": {
        ""영업시간"": ""11:00 - 18:00"",
        ""브레이크타임"": ""브레이크타임 없음"",
        ""라스트오더"": ""라스트오더 없음""
    },
    ""토"": {
        ""영업시간"": ""11:00 - 22:00"",
        ""브레이크타임"": ""브레이크타임 없음"",
        ""라스트오더"": ""라스트오더 없음""
    },
    ""일"": {
        ""영업시간"": ""11:00 - 22:00"",
        ""브레이크타임"": ""브레이크타임 없음"",
        ""라스트오더"": ""라스트오더 없음""
    }
}"
5LVDe1Vny5Kq,클로렐라햄버거,"경기도 광명시 오리로976번길 18-1 클로렐라베이커리 지번
지도보기",02-2612-5812,"수제햄버거: 2,500원
수제햄버거: 2,500원","{
    ""월"": {
        ""영업시간"": ""10:00 - 21:00"",
        ""브레이크타임"": ""브레이크타임 없음"",
        ""라스트오더"": ""라스트오더 없음""
    },
    ""화"": {
        ""영업시간"": ""[오늘] 12.24 (화)10:00 - 21:00"",
        ""브레이크타임"": ""브레이크타임 없음"",
        ""라스트오더"": ""라스트오더 없음""
    },
    ""수"": {
        ""영업시간"": ""10:00 - 21:00"",
        ""브레이크타임"": ""브레이크타임 없음"",
        ""라스트오더"": ""라스트오더 없음""
    },
    ""목"": {
        ""영업시간"": ""10:00 - 21:00"",
        ""브레이크타임"": ""브레이크타임 없음"",
        ""라스트오더"": ""라스트오더 없음""
    },
    ""금"": {
        ""영업시간"": ""10:00 - 21:00"",
        ""브레이크타임"": ""브레이크타임 없음"",
        ""라스트오더"": ""라스트오더 없음""
    },
    ""토"": {
        ""영업시간"": ""10:00 - 21:00"",
        ""브레이크타임"": ""브레이크타임 없음"",
        ""라스트오더"": ""라스트오더 없음""
    },
    ""일"": {
        ""영업시간"": ""10:00 - 21:00"",
        ""브레이크타임"": ""브레이크타임 없음"",
        ""라스트오더"": ""라스트오더 없음""
    }
}"
cWt7uLYUzf0x,스타벅스 광명역점,"경기도 광명시 양지로 16 지번
지도보기",1522-3232,"쿨 라임 피지오: 6,100원
더블 에스프레소 칩 프라푸치노: 6,500원
OFD 피스타치오 크림 도넛: 6,500원
돌체 핑거 세트: 7,500원
블론드 헤이즐넛 스타벅스 더블 샷: 5,100원
헤이즐넛 볼 초콜릿 밀크: 4,500원
블론드 에스프레소: 3,700원
헤이즐넛 볼 초콜릿 모카: 4,500원
블론드 에스프레소 마키아또: 3,700원
로고 코인 다크 초콜릿 (골드): 4,800원
블론드 에스프레소 콘 파나: 3,900원
로고 코인 밀크 초콜릿 (실버): 4,800원
스타벅스 파베 초콜릿 밀크: 16,900원
부쉬 드 노엘 초코 크레이프 롤: 7,900원
스타벅스 파베 초콜릿 다크: 16,900원
스타벅스 파베 초콜릿 밀크티: 19,900원
망고 패션 티 블렌디드: 5,600원
디카페인 카페 모카: 5,800원
제주 말차 라떼: 6,100원
카라멜 프라푸치노: 6,100원
유자 민트 티: 5,900원
디카페인 카푸치노: 5,300원
에스프레소 프라푸치노: 5,700원
망고주스 190ML: 4,700원
메리 베리 베이글 샌드: 6,900원
자몽 허니 블랙 티: 5,700원
블론드 에스프레소 프라푸치노: 5,700원
디카페인 에스프레소 프라푸치노: 6,000원
1/2디카페인 에스프레소 프라푸치노: 6,000원
케일&사과주스 190ML: 4,000원
디카페인 화이트 초콜릿 모카: 6,200원
한라봉주스 190ML: 4,700원
레이디핑거 티라미수 케이크: 6,900원
밀레앙 스타벅스 플랑: 8,300원
라이스 칩(유자잼): 3,300원
블론드 더블 에스프레소 칩 프라푸치노: 6,500원
클래식 피낭시에: 3,500원
한입에 쏙 고구마: 3,800원
초콜릿 피낭시에: 3,500원
진한 가나슈 9 레이어 케이크: 6,900원
오도독 건강한 넛&블루베리: 2,000원
블루베리 마블 치즈 케이크: 7,300원
바스크 초코 치즈 케이크: 7,300원
부드러운 흑임자 롤: 7,500원
제주 유기농 녹차로 만든 티: 5,300원
디카페인 커피 스타벅스 더블 샷: 5,400원
디카페인 카페 아메리카노: 4,800원
오가닉 그릭 요거트 플레인: 4,200원
생크림 크레이프 롤: 7,500원
바닐라 빈 젤라또: 5,300원
잉글리쉬 스콘: 3,900원
한입에 쏙 공주 알밤: 3,300원
오가닉 프로틴 그릭 요거트 & 그래놀라: 5,900원
파베 초콜릿 젤라또: 5,300원
플랫 퀸아망 솔티드 카라멜: 5,500원
한 입에 쏙 우리 과일칩(딸기&사과): 2,900원
플랫 퀸아망 초코칩: 5,500원
더블 에스프레소 크림 라떼: 6,500원
딸기 요거트 젤라또: 5,600원
소시지 프레첼 소금빵: 5,800원
클라우드 치즈 케이크: 5,500원
요거트 젤라또: 4,800원
소금빵: 3,400원
피스타치오 젤라또: 5,300원
탕종 플레인 베이글: 3,300원
부드러운 생크림 카스텔라: 4,500원
탕종 블루베리 베이글: 3,500원
탕종 파마산 치즈 베이글: 3,500원
햄 & 루꼴라 페스토 샌드위치: 6,900원
블루베리 요거트 190ML: 4,500원
더블 치즈 베이글 칩: 2,700원
디카페인 바닐라 스타벅스 더블 샷: 5,400원
하루 한 컵 RED+: 3,300원
쁘띠 까눌레: 800원
프리미엄 바나나: 1,500원
ABC 클렌즈 190ML: 4,700원
버터바: 3,800원
다크 초콜릿 마카롱: 2,700원
케일 클렌즈 190ML: 4,700원
논알코올 홀리데이 패션 티 뱅쇼: 6,700원
바나나&넛츠 세트: 3,500원
하트 스트로베리 마카롱: 3,200원
바닐라 마카롱: 2,700원
블루베리 마카롱: 2,700원
스틱 에그 타르트: 4,600원
화이트 초콜릿 모카: 5,900원
잉글리쉬 브렉퍼스트 티: 4,500원
디카페인 헤이즐넛 스타벅스 더블 샷: 5,400원
복숭아 가득 핸디 젤리: 2,800원
한라봉 가득 핸디 젤리: 2,800원
OFD 더블 베리 크림 도넛: 6,300원
하트 파이: 3,200원
사과 가득 핸디 젤리: 2,800원
미니 리프 파이: 3,900원
햇사과 주스 591ML: 8,900원
디카페인 에스프레소: 4,000원
얼 그레이 티: 4,500원
밀크 푸딩: 3,300원
초콜릿 푸딩: 3,300원
유기농 오렌지 100% 주스 591ML: 8,900원
제주 녹차 푸딩: 3,300원
딸기 촉촉 초코 생크림 케이크: 8,300원
에비앙 500ML: 3,300원
자일리톨 캔디 크리스탈 레몬: 3,300원
그래놀라 볼: 4,900원
씨프렌즈 캔디: 4,500원
아몬드 토피넛 캔디: 3,500원
초콜릿 쉐이크 스틱: 5,600원
디카페인 에스프레소 콘 파나: 4,200원
그레인 쉐이크 스틱: 5,600원
우리 쌀 파우더: 9,800원
우리 쑥 파우더: 9,800원
토피 넛 라떼: 6,500원
디카페인 더블 에스프레소 칩 프라푸치노: 6,800원
유스베리 티: 4,500원
그래놀라 오리지널(250g): 13,900원
비카인드 카라멜 씨솔트 아몬드 바: 2,800원
커피 스타벅스 더블 샷: 5,100원
페리에 라임 330ML: 3,300원
디카페인 에스프레소 마키아또: 4,000원
한 입에 쏙 카스텔라: 3,900원
하리보 골드베렌 40g: 1,500원
바닐라 스타벅스 더블 샷: 5,100원
히비스커스 블렌드 티: 4,500원
망고 용과 레모네이드 스타벅스 리프레셔: 6,100원
유기농 스파클링 애플 주스 296ML: 4,800원
헤이즐넛 스타벅스 더블 샷: 5,100원
민트 블렌드 티: 4,500원
에스프레소: 3,700원
에스프레소 마키아또: 3,700원
캐모마일 블렌드 티: 4,500원
에스프레소 콘 파나: 3,900원
1/2디카페인 플랫 화이트: 5,900원
1/2디카페인 스타벅스 돌체 라떼: 6,200원
1/2디카페인 카라멜 마키아또: 6,200원
산타 베어리스타 케이크: 8,300원
1/2디카페인 카페 라떼: 5,300원
1/2디카페인 카페 아메리카노: 4,800원
1/2디카페인 카페 모카: 5,800원
1/2디카페인 카푸치노: 5,300원
1/2디카페인 화이트 초콜릿 모카: 6,200원
1/2디카페인 커피 스타벅스 더블 샷: 5,400원
1/2디카페인 바닐라 스타벅스 더블 샷: 5,400원
1/2디카페인 헤이즐넛 스타벅스 더블 샷: 5,400원
1/2디카페인 에스프레소: 4,000원
1/2디카페인 에스프레소 콘 파나: 4,200원
필리 치즈 브리오슈 샌드위치: 7,900원
1/2디카페인 에스프레소 마키아또: 4,000원
트러플 머쉬룸 수프: 4,200원
홀리데이 버터 쿠키 틴 세트: 23,000원
1/2디카페인 더블 에스프레소 칩 프라푸치노: 6,800원
딸기주스 190ML: 4,500원
디카페인 카페 라떼: 5,300원
오늘의 커피 - 크리스마스 블렌드: 4,200원
플랫 화이트: 5,600원
스타벅스 딸기 라떼: 6,500원
트리 레드벨벳 치즈 케이크: 7,700원
더블 에그 브렉퍼스트 & 체다 샌드위치: 5,700원
홀리데이 너티 쿠키 틴 세트: 12,900원
멜팅 치즈 햄 & 어니언 샌드위치: 6,900원
고구마 카스텔라 생크림 케이크: 7,100원
홀리데이 눈사람 쿠키 카드: 6,300원
카페 아메리카노: 4,500원
유기농 오렌지 100% 주스 190ML: 4,900원
세사미 포테이토 탕종 베이글 샌드: 6,900원
홀리데이 강아지 쿠키 카드: 6,300원
디카페인 플랫 화이트: 5,900원
블론드 플랫 화이트: 5,600원
베이컨 체다 & 오믈렛 샌드위치: 5,900원
카페 라떼: 5,000원
돌체 콜드 브루: 6,000원
더블 치킨 브레스트 체다 & 에그 샌드위치: 5,700원
클로버 베어리 쿠키 카드: 6,100원
시그니처 핫 초콜릿: 5,700원
바닐라 크림 콜드 브루: 5,800원
디카페인 스타벅스 돌체 라떼: 6,200원
블론드 카페 아메리카노: 4,500원
수박 주스 190ML: 4,500원
제주 말차 크림 프라푸치노: 6,500원
딸기 가득 요거트 190ML: 4,100원
풀드 포크 바게트번 샌드위치: 7,300원
클로버 쿠키 카드: 6,100원
오늘의 커피: 4,200원
토마토 치킨 바게트번 샌드위치: 7,300원
아이스 커피: 4,500원
블론드 카페 라떼: 5,000원
바질 토마토 탕종 베이글 샌드: 5,900원
치킨 & 머쉬룸 멜팅 치즈 샌드위치: 6,900원
스노우맨 바움쿠헨: 9,500원
햄 & 딥 치즈 소금빵: 5,400원
스타벅스 돌체 라떼: 5,900원
블론드 바닐라 더블 샷 마키아또: 5,900원
오트 콜드 브루: 5,800원
단호박 에그 샐러드 샌드위치: 5,500원
카페 모카: 5,500원
치킨 베이컨 랩: 6,500원
B.E.L.T. 샌드위치: 5,900원
베이컨 치즈 토스트: 4,900원
자바 칩 프라푸치노: 6,500원
콜드 브루: 4,900원
햇사과 주스 190ML: 4,700원
딸기 딜라이트 요거트 블렌디드: 6,500원
얼 그레이 바닐라 티 라떼: 6,100원
블론드 스타벅스 돌체 라떼: 5,900원
스타벅스 너티 쿠키: 1,500원
스타벅스 너티 쿠키 10개입: 15,000원
스타벅스 너티 쿠키 틴 세트: 12,900원
카푸치노: 5,000원
화이트 초콜릿 카우보이 쿠키: 2,800원
에그에그 샌드위치: 4,400원
라이트 핑크 자몽 피지오: 6,300원
비스코티 크래커: 13,900원
치킨 클래식 샌드위치: 6,900원
청크 초콜릿 쿠키 틴 세트: 15,900원
카라멜 마키아또: 5,900원
치즈 포크 커틀릿 샌드위치: 6,200원
스팀 우유: 4,100원
디카페인 카라멜 마키아또: 6,200원
스타벅스 클래식 밀크 티: 5,900원
블론드 카페 모카: 5,500원
블론드 카푸치노: 5,000원
스퀴즈드 오렌지 주스 100ML: 3,800원
다크 초콜릿 카우보이 쿠키: 2,800원
블론드 카라멜 마키아또: 5,900원
블론드 화이트 초콜릿 모카: 5,900원
블론드 커피 스타벅스 더블 샷: 5,100원
돌체 핑거 초콜릿: 2,500원
블론드 바닐라 스타벅스 더블 샷: 5,100원
차이 티 라떼: 5,500원
초콜릿 크림 칩 프라푸치노: 6,200원
망고 바나나 블렌디드: 6,600원
우유: 4,100원
쿨 라임 피지오: 6,100원
더블 에스프레소 칩 프라푸치노: 6,500원
OFD 피스타치오 크림 도넛: 6,500원
돌체 핑거 세트: 7,500원
블론드 헤이즐넛 스타벅스 더블 샷: 5,100원
헤이즐넛 볼 초콜릿 밀크: 4,500원
블론드 에스프레소: 3,700원
헤이즐넛 볼 초콜릿 모카: 4,500원
블론드 에스프레소 마키아또: 3,700원
로고 코인 다크 초콜릿 (골드): 4,800원
블론드 에스프레소 콘 파나: 3,900원
로고 코인 밀크 초콜릿 (실버): 4,800원
스타벅스 파베 초콜릿 밀크: 16,900원
부쉬 드 노엘 초코 크레이프 롤: 7,900원
스타벅스 파베 초콜릿 다크: 16,900원
스타벅스 파베 초콜릿 밀크티: 19,900원
망고 패션 티 블렌디드: 5,600원
디카페인 카페 모카: 5,800원
제주 말차 라떼: 6,100원
카라멜 프라푸치노: 6,100원
유자 민트 티: 5,900원
디카페인 카푸치노: 5,300원
에스프레소 프라푸치노: 5,700원
망고주스 190ML: 4,700원
메리 베리 베이글 샌드: 6,900원
자몽 허니 블랙 티: 5,700원
블론드 에스프레소 프라푸치노: 5,700원
디카페인 에스프레소 프라푸치노: 6,000원
1/2디카페인 에스프레소 프라푸치노: 6,000원
케일&사과주스 190ML: 4,000원
디카페인 화이트 초콜릿 모카: 6,200원
한라봉주스 190ML: 4,700원
레이디핑거 티라미수 케이크: 6,900원
밀레앙 스타벅스 플랑: 8,300원
라이스 칩(유자잼): 3,300원
블론드 더블 에스프레소 칩 프라푸치노: 6,500원
클래식 피낭시에: 3,500원
한입에 쏙 고구마: 3,800원
초콜릿 피낭시에: 3,500원
진한 가나슈 9 레이어 케이크: 6,900원
오도독 건강한 넛&블루베리: 2,000원
블루베리 마블 치즈 케이크: 7,300원
바스크 초코 치즈 케이크: 7,300원
부드러운 흑임자 롤: 7,500원
제주 유기농 녹차로 만든 티: 5,300원
디카페인 커피 스타벅스 더블 샷: 5,400원
디카페인 카페 아메리카노: 4,800원
오가닉 그릭 요거트 플레인: 4,200원
생크림 크레이프 롤: 7,500원
바닐라 빈 젤라또: 5,300원
잉글리쉬 스콘: 3,900원
한입에 쏙 공주 알밤: 3,300원
오가닉 프로틴 그릭 요거트 & 그래놀라: 5,900원
파베 초콜릿 젤라또: 5,300원
플랫 퀸아망 솔티드 카라멜: 5,500원
한 입에 쏙 우리 과일칩(딸기&사과): 2,900원
플랫 퀸아망 초코칩: 5,500원
더블 에스프레소 크림 라떼: 6,500원
딸기 요거트 젤라또: 5,600원
소시지 프레첼 소금빵: 5,800원
클라우드 치즈 케이크: 5,500원
요거트 젤라또: 4,800원
소금빵: 3,400원
피스타치오 젤라또: 5,300원
탕종 플레인 베이글: 3,300원
부드러운 생크림 카스텔라: 4,500원
탕종 블루베리 베이글: 3,500원
탕종 파마산 치즈 베이글: 3,500원
햄 & 루꼴라 페스토 샌드위치: 6,900원
블루베리 요거트 190ML: 4,500원
더블 치즈 베이글 칩: 2,700원
디카페인 바닐라 스타벅스 더블 샷: 5,400원
하루 한 컵 RED+: 3,300원
쁘띠 까눌레: 800원
프리미엄 바나나: 1,500원
ABC 클렌즈 190ML: 4,700원
버터바: 3,800원
다크 초콜릿 마카롱: 2,700원
케일 클렌즈 190ML: 4,700원
논알코올 홀리데이 패션 티 뱅쇼: 6,700원
바나나&넛츠 세트: 3,500원
하트 스트로베리 마카롱: 3,200원
바닐라 마카롱: 2,700원
블루베리 마카롱: 2,700원
스틱 에그 타르트: 4,600원
화이트 초콜릿 모카: 5,900원
잉글리쉬 브렉퍼스트 티: 4,500원
디카페인 헤이즐넛 스타벅스 더블 샷: 5,400원
복숭아 가득 핸디 젤리: 2,800원
한라봉 가득 핸디 젤리: 2,800원
OFD 더블 베리 크림 도넛: 6,300원
하트 파이: 3,200원
사과 가득 핸디 젤리: 2,800원
미니 리프 파이: 3,900원
햇사과 주스 591ML: 8,900원
디카페인 에스프레소: 4,000원
얼 그레이 티: 4,500원
밀크 푸딩: 3,300원
초콜릿 푸딩: 3,300원
유기농 오렌지 100% 주스 591ML: 8,900원
제주 녹차 푸딩: 3,300원
딸기 촉촉 초코 생크림 케이크: 8,300원
에비앙 500ML: 3,300원
자일리톨 캔디 크리스탈 레몬: 3,300원
그래놀라 볼: 4,900원
씨프렌즈 캔디: 4,500원
아몬드 토피넛 캔디: 3,500원
초콜릿 쉐이크 스틱: 5,600원
디카페인 에스프레소 콘 파나: 4,200원
그레인 쉐이크 스틱: 5,600원
우리 쌀 파우더: 9,800원
우리 쑥 파우더: 9,800원
토피 넛 라떼: 6,500원
디카페인 더블 에스프레소 칩 프라푸치노: 6,800원
유스베리 티: 4,500원
그래놀라 오리지널(250g): 13,900원
비카인드 카라멜 씨솔트 아몬드 바: 2,800원
커피 스타벅스 더블 샷: 5,100원
페리에 라임 330ML: 3,300원
디카페인 에스프레소 마키아또: 4,000원
한 입에 쏙 카스텔라: 3,900원
하리보 골드베렌 40g: 1,500원
바닐라 스타벅스 더블 샷: 5,100원
히비스커스 블렌드 티: 4,500원
망고 용과 레모네이드 스타벅스 리프레셔: 6,100원
유기농 스파클링 애플 주스 296ML: 4,800원
헤이즐넛 스타벅스 더블 샷: 5,100원
민트 블렌드 티: 4,500원
에스프레소: 3,700원
에스프레소 마키아또: 3,700원
캐모마일 블렌드 티: 4,500원
에스프레소 콘 파나: 3,900원
1/2디카페인 플랫 화이트: 5,900원
1/2디카페인 스타벅스 돌체 라떼: 6,200원
1/2디카페인 카라멜 마키아또: 6,200원
산타 베어리스타 케이크: 8,300원
1/2디카페인 카페 라떼: 5,300원
1/2디카페인 카페 아메리카노: 4,800원
1/2디카페인 카페 모카: 5,800원
1/2디카페인 카푸치노: 5,300원
1/2디카페인 화이트 초콜릿 모카: 6,200원
1/2디카페인 커피 스타벅스 더블 샷: 5,400원
1/2디카페인 바닐라 스타벅스 더블 샷: 5,400원
1/2디카페인 헤이즐넛 스타벅스 더블 샷: 5,400원
1/2디카페인 에스프레소: 4,000원
1/2디카페인 에스프레소 콘 파나: 4,200원
필리 치즈 브리오슈 샌드위치: 7,900원
1/2디카페인 에스프레소 마키아또: 4,000원
트러플 머쉬룸 수프: 4,200원
홀리데이 버터 쿠키 틴 세트: 23,000원
1/2디카페인 더블 에스프레소 칩 프라푸치노: 6,800원
딸기주스 190ML: 4,500원
디카페인 카페 라떼: 5,300원
오늘의 커피 - 크리스마스 블렌드: 4,200원
플랫 화이트: 5,600원
스타벅스 딸기 라떼: 6,500원
트리 레드벨벳 치즈 케이크: 7,700원
더블 에그 브렉퍼스트 & 체다 샌드위치: 5,700원
홀리데이 너티 쿠키 틴 세트: 12,900원
멜팅 치즈 햄 & 어니언 샌드위치: 6,900원
고구마 카스텔라 생크림 케이크: 7,100원
홀리데이 눈사람 쿠키 카드: 6,300원
카페 아메리카노: 4,500원
유기농 오렌지 100% 주스 190ML: 4,900원
세사미 포테이토 탕종 베이글 샌드: 6,900원
홀리데이 강아지 쿠키 카드: 6,300원
디카페인 플랫 화이트: 5,900원
블론드 플랫 화이트: 5,600원
베이컨 체다 & 오믈렛 샌드위치: 5,900원
카페 라떼: 5,000원
돌체 콜드 브루: 6,000원
더블 치킨 브레스트 체다 & 에그 샌드위치: 5,700원
클로버 베어리 쿠키 카드: 6,100원
시그니처 핫 초콜릿: 5,700원
바닐라 크림 콜드 브루: 5,800원
디카페인 스타벅스 돌체 라떼: 6,200원
블론드 카페 아메리카노: 4,500원
수박 주스 190ML: 4,500원
제주 말차 크림 프라푸치노: 6,500원
딸기 가득 요거트 190ML: 4,100원
풀드 포크 바게트번 샌드위치: 7,300원
클로버 쿠키 카드: 6,100원
오늘의 커피: 4,200원
토마토 치킨 바게트번 샌드위치: 7,300원
아이스 커피: 4,500원
블론드 카페 라떼: 5,000원
바질 토마토 탕종 베이글 샌드: 5,900원
치킨 & 머쉬룸 멜팅 치즈 샌드위치: 6,900원
스노우맨 바움쿠헨: 9,500원
햄 & 딥 치즈 소금빵: 5,400원
스타벅스 돌체 라떼: 5,900원
블론드 바닐라 더블 샷 마키아또: 5,900원
오트 콜드 브루: 5,800원
단호박 에그 샐러드 샌드위치: 5,500원
카페 모카: 5,500원
치킨 베이컨 랩: 6,500원
B.E.L.T. 샌드위치: 5,900원
베이컨 치즈 토스트: 4,900원
자바 칩 프라푸치노: 6,500원
콜드 브루: 4,900원
햇사과 주스 190ML: 4,700원
딸기 딜라이트 요거트 블렌디드: 6,500원
얼 그레이 바닐라 티 라떼: 6,100원
블론드 스타벅스 돌체 라떼: 5,900원
스타벅스 너티 쿠키: 1,500원
스타벅스 너티 쿠키 10개입: 15,000원
스타벅스 너티 쿠키 틴 세트: 12,900원
카푸치노: 5,000원
화이트 초콜릿 카우보이 쿠키: 2,800원
에그에그 샌드위치: 4,400원
라이트 핑크 자몽 피지오: 6,300원
비스코티 크래커: 13,900원
치킨 클래식 샌드위치: 6,900원
청크 초콜릿 쿠키 틴 세트: 15,900원
카라멜 마키아또: 5,900원
치즈 포크 커틀릿 샌드위치: 6,200원
스팀 우유: 4,100원
디카페인 카라멜 마키아또: 6,200원
스타벅스 클래식 밀크 티: 5,900원
블론드 카페 모카: 5,500원
블론드 카푸치노: 5,000원
스퀴즈드 오렌지 주스 100ML: 3,800원
다크 초콜릿 카우보이 쿠키: 2,800원
블론드 카라멜 마키아또: 5,900원
블론드 화이트 초콜릿 모카: 5,900원
블론드 커피 스타벅스 더블 샷: 5,100원
돌체 핑거 초콜릿: 2,500원
블론드 바닐라 스타벅스 더블 샷: 5,100원
차이 티 라떼: 5,500원
초콜릿 크림 칩 프라푸치노: 6,200원
망고 바나나 블렌디드: 6,600원
우유: 4,100원","{
    ""월"": {
        ""영업시간"": ""07:30 - 22:00"",
        ""브레이크타임"": ""브레이크타임 없음"",
        ""라스트오더"": ""라스트오더 없음""
    },
    ""화"": {
        ""영업시간"": ""[오늘] 12.24 (화)07:30 - 22:00"",
        ""브레이크타임"": ""브레이크타임 없음"",
        ""라스트오더"": ""라스트오더 없음""
    },
    ""수"": {
        ""영업시간"": ""07:30 - 22:00"",
        ""브레이크타임"": ""브레이크타임 없음"",
        ""라스트오더"": ""라스트오더 없음""
    },
    ""목"": {
        ""영업시간"": ""07:30 - 22:00"",
        ""브레이크타임"": ""브레이크타임 없음"",
        ""라스트오더"": ""라스트오더 없음""
    },
    ""금"": {
        ""영업시간"": ""07:30 - 22:30"",
        ""브레이크타임"": ""브레이크타임 없음"",
        ""라스트오더"": ""라스트오더 없음""
    },
    ""토"": {
        ""영업시간"": ""07:30 - 22:30"",
        ""브레이크타임"": ""브레이크타임 없음"",
        ""라스트오더"": ""라스트오더 없음""
    },
    ""일"": {
        ""영업시간"": ""07:30 - 22:00"",
        ""브레이크타임"": ""브레이크타임 없음"",
        ""라스트오더"": ""라스트오더 없음""
    }
}"
bLRntXo5xnsa,명장시대,"경기도 광명시 범안로 930 지번
지도보기",0507-1330-1883,"치즈퐁당: 6,500원
페퍼민트: 6,500원
호두먹물크런치: 6,500원
와인스틱: 6,800원
버터프레첼: 5,600원
앙버터: 5,600원
누텔라곰돌이: 3,900원
치즈브리오슈: 6,500원
현미누룽지: 6,500원
어니언링: 7,200원
새우발사믹샌드위치: 6,900원
엘리게이터: 6,500원
캐모마일: 6,500원
몽블랑: 6,200원
크림치즈통밀: 7,300원
단팥빵: 2,600원
그린올리바: 2,300원
아메리카노 hot: 5,400원
에스프레소: 5,400원
카푸치노: 6,200원
카페라떼: 6,200원
바닐라라떼: 6,500원
카라멜마끼아또: 6,500원
블루베리히비스커스: 6,500원
우유: 4,500원
초코라떼: 6,500원
딸기라떼: 7,300원
카페모카: 6,500원
더치아메리카노: 6,800원
더치라떼: 7,600원
우롱차: 6,500원
갈릭크림치즈바게트: 5,800원
소금버터빵: 2,800원
롱소세지: 5,800원
인절미빵: 6,300원
치즈퐁당: 6,500원
페퍼민트: 6,500원
호두먹물크런치: 6,500원
와인스틱: 6,800원
버터프레첼: 5,600원
앙버터: 5,600원
누텔라곰돌이: 3,900원
치즈브리오슈: 6,500원
현미누룽지: 6,500원
어니언링: 7,200원
새우발사믹샌드위치: 6,900원
엘리게이터: 6,500원
캐모마일: 6,500원
몽블랑: 6,200원
크림치즈통밀: 7,300원
단팥빵: 2,600원
그린올리바: 2,300원
아메리카노 hot: 5,400원
에스프레소: 5,400원
카푸치노: 6,200원
카페라떼: 6,200원
바닐라라떼: 6,500원
카라멜마끼아또: 6,500원
블루베리히비스커스: 6,500원
우유: 4,500원
초코라떼: 6,500원
딸기라떼: 7,300원
카페모카: 6,500원
더치아메리카노: 6,800원
더치라떼: 7,600원
우롱차: 6,500원
갈릭크림치즈바게트: 5,800원
소금버터빵: 2,800원
롱소세지: 5,800원
인절미빵: 6,300원","{
    ""월"": {
        ""영업시간"": ""08:30 - 22:00"",
        ""브레이크타임"": ""브레이크타임 없음"",
        ""라스트오더"": ""라스트오더 없음""
    },
    ""화"": {
        ""영업시간"": ""[오늘] 12.24 (화)08:30 - 22:00"",
        ""브레이크타임"": ""브레이크타임 없음"",
        ""라스트오더"": ""라스트오더 없음""
    },
    ""수"": {
        ""영업시간"": ""08:30 - 22:00"",
        ""브레이크타임"": ""브레이크타임 없음"",
        ""라스트오더"": ""라스트오더 없음""
    },
    ""목"": {
        ""영업시간"": ""08:30 - 22:00"",
        ""브레이크타임"": ""브레이크타임 없음"",
        ""라스트오더"": ""라스트오더 없음""
    },
    ""금"": {
        ""영업시간"": ""08:30 - 22:00"",
        ""브레이크타임"": ""브레이크타임 없음"",
        ""라스트오더"": ""라스트오더 없음""
    },
    ""토"": {
        ""영업시간"": ""08:30 - 22:00"",
        ""브레이크타임"": ""브레이크타임 없음"",
        ""라스트오더"": ""라스트오더 없음""
    },
    ""일"": {
        ""영업시간"": ""08:30 - 22:00"",
        ""브레이크타임"": ""브레이크타임 없음"",
        ""라스트오더"": ""라스트오더 없음""
    }
}"
E3yiqbN4Oaxt,리헨 스튜디오,"경기도 광명시 양지로 19 어반브릭스 410호 리헨스튜디오 지번
지도보기",010-7703-3431,"아이스크림 라떼: 6,000원
타트체리 릴렉서 티: 5,000원
흑임자 라떼: 6,000원
아메리카노: 4,000원
로투스 프라페: 6,300원
오렌지 에이드: 5,000원
자몽에이드: 5,000원
오렌지 쥬스: 5,000원
초코렛 루이보스 밀크티: 5,000원
청포도에이드: 5,000원
초코 코코아 스무디: 6,000원
스트로베리 스무디: 6,000원
통딸기 크로넛: 5,000원
초코라떼: 5,000원
카페라떼: 5,000원
블루베리 스무디: 6,000원
자몽 라떼: 5,300원
우지마차 그린티 프라페: 6,500원
초코링 요거트 스무디: 6,300원
바다 소다 에이드: 5,000원
타트체리 릴렉서 에이드: 5,000원
민트 모히또 에이드: 5,000원
패션후르츠 에이드: 5,000원
아이스크림 바닐라 프라페: 6,500원
리얼 블루베리 에이드: 5,000원
고구마 라떼: 6,000원
곡물라떼: 5,500원
리얼 스트로베리 라떼: 5,500원
레몬 에이드: 5,000원
패션후르츠 다즐링 티: 5,000원
딸기 오렌지 티: 5,000원
카페모카: 6,000원
유자 티: 4,500원
레몬 티: 4,500원
오렌지 크림치즈 크로넛: 4,700원
얼그레이 티: 4,500원
복숭아 티: 4,000원
캐모마일 티: 4,500원
오레오 밀크초코 크로넛: 5,200원
초코 가나슈 크로넛: 4,500원
피넛버터 크로넛: 4,500원
초코녹차 크로넛: 5,000원
인절미 크로넛: 4,500원
라즈베리 크림치즈 크로넛: 4,500원
로투스 크로넛: 5,200원
밤 라떼: 6,500원
제로슈거 얼그레이 밀크티: 5,000원
우지마차 그린티 라떼: 6,000원
패션후르츠 스무디: 6,500원
아이스크림 라떼: 6,000원
타트체리 릴렉서 티: 5,000원
흑임자 라떼: 6,000원
아메리카노: 4,000원
로투스 프라페: 6,300원
오렌지 에이드: 5,000원
자몽에이드: 5,000원
오렌지 쥬스: 5,000원
초코렛 루이보스 밀크티: 5,000원
청포도에이드: 5,000원
초코 코코아 스무디: 6,000원
스트로베리 스무디: 6,000원
통딸기 크로넛: 5,000원
초코라떼: 5,000원
카페라떼: 5,000원
블루베리 스무디: 6,000원
자몽 라떼: 5,300원
우지마차 그린티 프라페: 6,500원
초코링 요거트 스무디: 6,300원
바다 소다 에이드: 5,000원
타트체리 릴렉서 에이드: 5,000원
민트 모히또 에이드: 5,000원
패션후르츠 에이드: 5,000원
아이스크림 바닐라 프라페: 6,500원
리얼 블루베리 에이드: 5,000원
고구마 라떼: 6,000원
곡물라떼: 5,500원
리얼 스트로베리 라떼: 5,500원
레몬 에이드: 5,000원
패션후르츠 다즐링 티: 5,000원
딸기 오렌지 티: 5,000원
카페모카: 6,000원
유자 티: 4,500원
레몬 티: 4,500원
오렌지 크림치즈 크로넛: 4,700원
얼그레이 티: 4,500원
복숭아 티: 4,000원
캐모마일 티: 4,500원
오레오 밀크초코 크로넛: 5,200원
초코 가나슈 크로넛: 4,500원
피넛버터 크로넛: 4,500원
초코녹차 크로넛: 5,000원
인절미 크로넛: 4,500원
라즈베리 크림치즈 크로넛: 4,500원
로투스 크로넛: 5,200원
밤 라떼: 6,500원
제로슈거 얼그레이 밀크티: 5,000원
우지마차 그린티 라떼: 6,000원
패션후르츠 스무디: 6,500원","{
    ""월"": {
        ""영업시간"": ""휴무일""
    },
    ""화"": {
        ""영업시간"": ""[오늘] 12.24 (화)09:00 - 21:00"",
        ""브레이크타임"": ""브레이크타임 없음"",
        ""라스트오더"": ""라스트오더 없음""
    },
    ""수"": {
        ""영업시간"": ""09:00 - 21:00"",
        ""브레이크타임"": ""브레이크타임 없음"",
        ""라스트오더"": ""라스트오더 없음""
    },
    ""목"": {
        ""영업시간"": ""09:00 - 21:00"",
        ""브레이크타임"": ""브레이크타임 없음"",
        ""라스트오더"": ""라스트오더 없음""
    },
    ""금"": {
        ""영업시간"": ""09:00 - 21:00"",
        ""브레이크타임"": ""브레이크타임 없음"",
        ""라스트오더"": ""라스트오더 없음""
    },
    ""토"": {
        ""영업시간"": ""09:00 - 21:00"",
        ""브레이크타임"": ""브레이크타임 없음"",
        ""라스트오더"": ""라스트오더 없음""
    },
    ""일"": {
        ""영업시간"": ""09:00 - 21:00"",
        ""브레이크타임"": ""브레이크타임 없음"",
        ""라스트오더"": ""라스트오더 없음""
    }
}"
qHX5GhrJmTKS,랑데자뷰 AK플라자광명점,"경기도 광명시 신기로 20 지하1층 지번
지도보기",02-6267-0078,"랑데자뷰: 7,300원
밀크티: 7,300원
오로라에이드: 6,500원
한라봉에이드: 6,500원
오미자에이드: 6,500원
초콜렛라떼: 6,500원
제주녹차라떼: 6,500원
땅콩카라멜라떼: 6,500원
오미자티: 6,500원
Flavored TEA: 6,000원
한라봉블렌디드: 6,500원
제주녹차블렌디드: 6,500원
자몽주스: 7,300원
플레인크로플: 4,300원
초코크로플: 4,800원
밀크크레이프: 6,800원
한라봉홍차케이크: 6,800원
패션후르츠: 7,300원
아메리카노: 5,500원
카페라떼: 6,000원
플랫화이트: 6,000원
바닐라라떼: 6,500원
카페모카: 6,500원
아인슈페너: 6,500원
랑데자뷰: 7,300원
밀크티: 7,300원
오로라에이드: 6,500원
한라봉에이드: 6,500원
오미자에이드: 6,500원
초콜렛라떼: 6,500원
제주녹차라떼: 6,500원
땅콩카라멜라떼: 6,500원
오미자티: 6,500원
Flavored TEA: 6,000원
한라봉블렌디드: 6,500원
제주녹차블렌디드: 6,500원
자몽주스: 7,300원
플레인크로플: 4,300원
초코크로플: 4,800원
밀크크레이프: 6,800원
한라봉홍차케이크: 6,800원
패션후르츠: 7,300원
아메리카노: 5,500원
카페라떼: 6,000원
플랫화이트: 6,000원
바닐라라떼: 6,500원
카페모카: 6,500원
아인슈페너: 6,500원","{
    ""월"": {
        ""영업시간"": ""10:30 - 21:00"",
        ""브레이크타임"": ""브레이크타임 없음"",
        ""라스트오더"": ""20:30""
    },
    ""화"": {
        ""영업시간"": ""[오늘] 12.24 (화)10:30 - 21:00"",
        ""브레이크타임"": ""브레이크타임 없음"",
        ""라스트오더"": ""20:30""
    },
    ""수"": {
        ""영업시간"": ""10:30 - 21:00"",
        ""브레이크타임"": ""브레이크타임 없음"",
        ""라스트오더"": ""20:30""
    },
    ""목"": {
        ""영업시간"": ""10:30 - 21:00"",
        ""브레이크타임"": ""브레이크타임 없음"",
        ""라스트오더"": ""20:30""
    },
    ""금"": {
        ""영업시간"": ""10:30 - 21:00"",
        ""브레이크타임"": ""브레이크타임 없음"",
        ""라스트오더"": ""20:30""
    },
    ""토"": {
        ""영업시간"": ""10:30 - 21:00"",
        ""브레이크타임"": ""브레이크타임 없음"",
        ""라스트오더"": ""20:30""
    },
    ""일"": {
        ""영업시간"": ""10:30 - 21:00"",
        ""브레이크타임"": ""브레이크타임 없음"",
        ""라스트오더"": ""20:30""
    }
}"
WHVncUfmUojn,수아빈,"경기도 광명시 금하로 529 106, 203, 204호 지번
지도보기",0507-1410-3010,"아메리카노: 4,500원
카페라떼: 5,000원
스무디류: 6,800원
에이드류: 6,500원
수제팥빙수: 15,000원
망고빙수: 16,000원
아메리카노: 4,500원
카페라떼: 5,000원
스무디류: 6,800원
에이드류: 6,500원
수제팥빙수: 15,000원
망고빙수: 16,000원","{
    ""월"": {
        ""영업시간"": ""08:00 - 22:00"",
        ""브레이크타임"": ""브레이크타임 없음"",
        ""라스트오더"": ""라스트오더 없음""
    },
    ""화"": {
        ""영업시간"": ""[오늘] 12.24 (화)08:00 - 22:00"",
        ""브레이크타임"": ""브레이크타임 없음"",
        ""라스트오더"": ""라스트오더 없음""
    },
    ""수"": {
        ""영업시간"": ""08:00 - 22:00"",
        ""브레이크타임"": ""브레이크타임 없음"",
        ""라스트오더"": ""라스트오더 없음""
    },
    ""목"": {
        ""영업시간"": ""08:00 - 22:00"",
        ""브레이크타임"": ""브레이크타임 없음"",
        ""라스트오더"": ""라스트오더 없음""
    },
    ""금"": {
        ""영업시간"": ""08:00 - 22:00"",
        ""브레이크타임"": ""브레이크타임 없음"",
        ""라스트오더"": ""라스트오더 없음""
    },
    ""토"": {
        ""영업시간"": ""09:00 - 22:00"",
        ""브레이크타임"": ""브레이크타임 없음"",
        ""라스트오더"": ""라스트오더 없음""
    },
    ""일"": {
        ""영업시간"": ""09:00 - 22:00"",
        ""브레이크타임"": ""브레이크타임 없음"",
        ""라스트오더"": ""라스트오더 없음""
    }
}"
hrQJJH5cemZI,카페드블랑,"경기도 광명시 소하로92번길 11 소하람2차 오피스텔 1층 카페드블랑 지번
지도보기",0507-1333-0426,"딸기 버터토스트: 14,900원
시그니처 브런치: 18,900원
에스프레소: 4,000원
아메리카노: 4,500원
카페라떼: 5,000원
생딸기라떼: 7,000원
라떼슈페너: 6,000원
아인슈페너: 6,000원
바닐라라떼: 5,500원
크림핫초코: 6,000원
말차라떼: 6,000원
레몬티: 6,000원
잠봉뵈르 샌드위치: 12,500원
유자 캐모마일: 5,500원
레몬에이드: 6,000원
청귤 에이드: 6,000원
자몽 에이드: 6,000원
바통 피낭시에: 
얼그레이크림라떼: 6,000원
아몬드크림라떼: 6,000원
시그니처 얼그레이 밀크티: 6,000원
순우유 딸기 케이크: 7,500원
헤이즐넛 초코 케이크: 5,800원
디카페인 원두 변경: 1,000원
딸기 버터토스트: 14,900원
시그니처 브런치: 18,900원
에스프레소: 4,000원
아메리카노: 4,500원
카페라떼: 5,000원
생딸기라떼: 7,000원
라떼슈페너: 6,000원
아인슈페너: 6,000원
바닐라라떼: 5,500원
크림핫초코: 6,000원
말차라떼: 6,000원
레몬티: 6,000원
잠봉뵈르 샌드위치: 12,500원
유자 캐모마일: 5,500원
레몬에이드: 6,000원
청귤 에이드: 6,000원
자몽 에이드: 6,000원
바통 피낭시에: 
얼그레이크림라떼: 6,000원
아몬드크림라떼: 6,000원
시그니처 얼그레이 밀크티: 6,000원
순우유 딸기 케이크: 7,500원
헤이즐넛 초코 케이크: 5,800원
디카페인 원두 변경: 1,000원","{
    ""월"": {
        ""영업시간"": ""휴무일""
    },
    ""화"": {
        ""영업시간"": ""[오늘] 12.24 (화)11:00 - 21:00"",
        ""브레이크타임"": ""브레이크타임 없음"",
        ""라스트오더"": ""20:30""
    },
    ""수"": {
        ""영업시간"": ""11:00 - 21:00"",
        ""브레이크타임"": ""브레이크타임 없음"",
        ""라스트오더"": ""20:30""
    },
    ""목"": {
        ""영업시간"": ""11:00 - 21:00"",
        ""브레이크타임"": ""브레이크타임 없음"",
        ""라스트오더"": ""20:30""
    },
    ""금"": {
        ""영업시간"": ""11:00 - 21:00"",
        ""브레이크타임"": ""브레이크타임 없음"",
        ""라스트오더"": ""20:30""
    },
    ""토"": {
        ""영업시간"": ""10:30 - 21:00"",
        ""브레이크타임"": ""브레이크타임 없음"",
        ""라스트오더"": ""20:30""
    },
    ""일"": {
        ""영업시간"": ""10:30 - 21:00"",
        ""브레이크타임"": ""브레이크타임 없음"",
        ""라스트오더"": ""20:30""
    }
}"
83rIzFOE7tZ0,스타벅스 광명하안점,"경기도 광명시 범안로 1060 지번
지도보기",1522-3232,"쿨 라임 피지오: 6,100원
더블 에스프레소 칩 프라푸치노: 6,500원
OFD 피스타치오 크림 도넛: 6,500원
돌체 핑거 세트: 7,500원
블론드 헤이즐넛 스타벅스 더블 샷: 5,100원
헤이즐넛 볼 초콜릿 밀크: 4,500원
블론드 에스프레소: 3,700원
헤이즐넛 볼 초콜릿 모카: 4,500원
블론드 에스프레소 마키아또: 3,700원
로고 코인 다크 초콜릿 (골드): 4,800원
블론드 에스프레소 콘 파나: 3,900원
로고 코인 밀크 초콜릿 (실버): 4,800원
스타벅스 파베 초콜릿 밀크: 16,900원
부쉬 드 노엘 초코 크레이프 롤: 7,900원
스타벅스 파베 초콜릿 다크: 16,900원
스타벅스 파베 초콜릿 밀크티: 19,900원
망고 패션 티 블렌디드: 5,600원
디카페인 카페 모카: 5,800원
제주 말차 라떼: 6,100원
카라멜 프라푸치노: 6,100원
유자 민트 티: 5,900원
디카페인 카푸치노: 5,300원
에스프레소 프라푸치노: 5,700원
망고주스 190ML: 4,700원
메리 베리 베이글 샌드: 6,900원
자몽 허니 블랙 티: 5,700원
블론드 에스프레소 프라푸치노: 5,700원
디카페인 에스프레소 프라푸치노: 6,000원
1/2디카페인 에스프레소 프라푸치노: 6,000원
케일&사과주스 190ML: 4,000원
디카페인 화이트 초콜릿 모카: 6,200원
한라봉주스 190ML: 4,700원
레이디핑거 티라미수 케이크: 6,900원
밀레앙 스타벅스 플랑: 8,300원
라이스 칩(유자잼): 3,300원
블론드 더블 에스프레소 칩 프라푸치노: 6,500원
클래식 피낭시에: 3,500원
한입에 쏙 고구마: 3,800원
초콜릿 피낭시에: 3,500원
진한 가나슈 9 레이어 케이크: 6,900원
오도독 건강한 넛&블루베리: 2,000원
블루베리 마블 치즈 케이크: 7,300원
바스크 초코 치즈 케이크: 7,300원
부드러운 흑임자 롤: 7,500원
제주 유기농 녹차로 만든 티: 5,300원
디카페인 커피 스타벅스 더블 샷: 5,400원
디카페인 카페 아메리카노: 4,800원
오가닉 그릭 요거트 플레인: 4,200원
생크림 크레이프 롤: 7,500원
바닐라 빈 젤라또: 5,300원
잉글리쉬 스콘: 3,900원
한입에 쏙 공주 알밤: 3,300원
오가닉 프로틴 그릭 요거트 & 그래놀라: 5,900원
파베 초콜릿 젤라또: 5,300원
플랫 퀸아망 솔티드 카라멜: 5,500원
한 입에 쏙 우리 과일칩(딸기&사과): 2,900원
플랫 퀸아망 초코칩: 5,500원
더블 에스프레소 크림 라떼: 6,500원
딸기 요거트 젤라또: 5,600원
소시지 프레첼 소금빵: 5,800원
클라우드 치즈 케이크: 5,500원
요거트 젤라또: 4,800원
소금빵: 3,400원
피스타치오 젤라또: 5,300원
탕종 플레인 베이글: 3,300원
부드러운 생크림 카스텔라: 4,500원
탕종 블루베리 베이글: 3,500원
탕종 파마산 치즈 베이글: 3,500원
햄 & 루꼴라 페스토 샌드위치: 6,900원
블루베리 요거트 190ML: 4,500원
더블 치즈 베이글 칩: 2,700원
디카페인 바닐라 스타벅스 더블 샷: 5,400원
하루 한 컵 RED+: 3,300원
쁘띠 까눌레: 800원
프리미엄 바나나: 1,500원
ABC 클렌즈 190ML: 4,700원
버터바: 3,800원
다크 초콜릿 마카롱: 2,700원
케일 클렌즈 190ML: 4,700원
논알코올 홀리데이 패션 티 뱅쇼: 6,700원
바나나&넛츠 세트: 3,500원
하트 스트로베리 마카롱: 3,200원
바닐라 마카롱: 2,700원
블루베리 마카롱: 2,700원
스틱 에그 타르트: 4,600원
화이트 초콜릿 모카: 5,900원
잉글리쉬 브렉퍼스트 티: 4,500원
디카페인 헤이즐넛 스타벅스 더블 샷: 5,400원
복숭아 가득 핸디 젤리: 2,800원
한라봉 가득 핸디 젤리: 2,800원
OFD 더블 베리 크림 도넛: 6,300원
하트 파이: 3,200원
사과 가득 핸디 젤리: 2,800원
미니 리프 파이: 3,900원
햇사과 주스 591ML: 8,900원
디카페인 에스프레소: 4,000원
얼 그레이 티: 4,500원
밀크 푸딩: 3,300원
초콜릿 푸딩: 3,300원
유기농 오렌지 100% 주스 591ML: 8,900원
제주 녹차 푸딩: 3,300원
딸기 촉촉 초코 생크림 케이크: 8,300원
에비앙 500ML: 3,300원
자일리톨 캔디 크리스탈 레몬: 3,300원
그래놀라 볼: 4,900원
씨프렌즈 캔디: 4,500원
아몬드 토피넛 캔디: 3,500원
초콜릿 쉐이크 스틱: 5,600원
디카페인 에스프레소 콘 파나: 4,200원
그레인 쉐이크 스틱: 5,600원
우리 쌀 파우더: 9,800원
우리 쑥 파우더: 9,800원
토피 넛 라떼: 6,500원
디카페인 더블 에스프레소 칩 프라푸치노: 6,800원
유스베리 티: 4,500원
그래놀라 오리지널(250g): 13,900원
비카인드 카라멜 씨솔트 아몬드 바: 2,800원
커피 스타벅스 더블 샷: 5,100원
페리에 라임 330ML: 3,300원
디카페인 에스프레소 마키아또: 4,000원
한 입에 쏙 카스텔라: 3,900원
하리보 골드베렌 40g: 1,500원
바닐라 스타벅스 더블 샷: 5,100원
히비스커스 블렌드 티: 4,500원
망고 용과 레모네이드 스타벅스 리프레셔: 6,100원
유기농 스파클링 애플 주스 296ML: 4,800원
헤이즐넛 스타벅스 더블 샷: 5,100원
민트 블렌드 티: 4,500원
에스프레소: 3,700원
에스프레소 마키아또: 3,700원
캐모마일 블렌드 티: 4,500원
에스프레소 콘 파나: 3,900원
1/2디카페인 플랫 화이트: 5,900원
1/2디카페인 스타벅스 돌체 라떼: 6,200원
1/2디카페인 카라멜 마키아또: 6,200원
산타 베어리스타 케이크: 8,300원
1/2디카페인 카페 라떼: 5,300원
1/2디카페인 카페 아메리카노: 4,800원
1/2디카페인 카페 모카: 5,800원
1/2디카페인 카푸치노: 5,300원
1/2디카페인 화이트 초콜릿 모카: 6,200원
1/2디카페인 커피 스타벅스 더블 샷: 5,400원
1/2디카페인 바닐라 스타벅스 더블 샷: 5,400원
1/2디카페인 헤이즐넛 스타벅스 더블 샷: 5,400원
1/2디카페인 에스프레소: 4,000원
1/2디카페인 에스프레소 콘 파나: 4,200원
필리 치즈 브리오슈 샌드위치: 7,900원
1/2디카페인 에스프레소 마키아또: 4,000원
트러플 머쉬룸 수프: 4,200원
홀리데이 버터 쿠키 틴 세트: 23,000원
1/2디카페인 더블 에스프레소 칩 프라푸치노: 6,800원
딸기주스 190ML: 4,500원
디카페인 카페 라떼: 5,300원
오늘의 커피 - 크리스마스 블렌드: 4,200원
플랫 화이트: 5,600원
스타벅스 딸기 라떼: 6,500원
트리 레드벨벳 치즈 케이크: 7,700원
더블 에그 브렉퍼스트 & 체다 샌드위치: 5,700원
홀리데이 너티 쿠키 틴 세트: 12,900원
멜팅 치즈 햄 & 어니언 샌드위치: 6,900원
고구마 카스텔라 생크림 케이크: 7,100원
홀리데이 눈사람 쿠키 카드: 6,300원
카페 아메리카노: 4,500원
유기농 오렌지 100% 주스 190ML: 4,900원
세사미 포테이토 탕종 베이글 샌드: 6,900원
홀리데이 강아지 쿠키 카드: 6,300원
디카페인 플랫 화이트: 5,900원
블론드 플랫 화이트: 5,600원
베이컨 체다 & 오믈렛 샌드위치: 5,900원
카페 라떼: 5,000원
돌체 콜드 브루: 6,000원
더블 치킨 브레스트 체다 & 에그 샌드위치: 5,700원
클로버 베어리 쿠키 카드: 6,100원
시그니처 핫 초콜릿: 5,700원
바닐라 크림 콜드 브루: 5,800원
디카페인 스타벅스 돌체 라떼: 6,200원
블론드 카페 아메리카노: 4,500원
수박 주스 190ML: 4,500원
제주 말차 크림 프라푸치노: 6,500원
딸기 가득 요거트 190ML: 4,100원
풀드 포크 바게트번 샌드위치: 7,300원
클로버 쿠키 카드: 6,100원
오늘의 커피: 4,200원
토마토 치킨 바게트번 샌드위치: 7,300원
아이스 커피: 4,500원
블론드 카페 라떼: 5,000원
바질 토마토 탕종 베이글 샌드: 5,900원
치킨 & 머쉬룸 멜팅 치즈 샌드위치: 6,900원
스노우맨 바움쿠헨: 9,500원
햄 & 딥 치즈 소금빵: 5,400원
스타벅스 돌체 라떼: 5,900원
블론드 바닐라 더블 샷 마키아또: 5,900원
오트 콜드 브루: 5,800원
단호박 에그 샐러드 샌드위치: 5,500원
카페 모카: 5,500원
치킨 베이컨 랩: 6,500원
B.E.L.T. 샌드위치: 5,900원
베이컨 치즈 토스트: 4,900원
자바 칩 프라푸치노: 6,500원
콜드 브루: 4,900원
햇사과 주스 190ML: 4,700원
딸기 딜라이트 요거트 블렌디드: 6,500원
얼 그레이 바닐라 티 라떼: 6,100원
블론드 스타벅스 돌체 라떼: 5,900원
스타벅스 너티 쿠키: 1,500원
스타벅스 너티 쿠키 10개입: 15,000원
스타벅스 너티 쿠키 틴 세트: 12,900원
카푸치노: 5,000원
화이트 초콜릿 카우보이 쿠키: 2,800원
에그에그 샌드위치: 4,400원
라이트 핑크 자몽 피지오: 6,300원
비스코티 크래커: 13,900원
치킨 클래식 샌드위치: 6,900원
청크 초콜릿 쿠키 틴 세트: 15,900원
카라멜 마키아또: 5,900원
치즈 포크 커틀릿 샌드위치: 6,200원
스팀 우유: 4,100원
디카페인 카라멜 마키아또: 6,200원
스타벅스 클래식 밀크 티: 5,900원
블론드 카페 모카: 5,500원
블론드 카푸치노: 5,000원
스퀴즈드 오렌지 주스 100ML: 3,800원
다크 초콜릿 카우보이 쿠키: 2,800원
블론드 카라멜 마키아또: 5,900원
블론드 화이트 초콜릿 모카: 5,900원
블론드 커피 스타벅스 더블 샷: 5,100원
돌체 핑거 초콜릿: 2,500원
블론드 바닐라 스타벅스 더블 샷: 5,100원
차이 티 라떼: 5,500원
초콜릿 크림 칩 프라푸치노: 6,200원
망고 바나나 블렌디드: 6,600원
우유: 4,100원
쿨 라임 피지오: 6,100원
더블 에스프레소 칩 프라푸치노: 6,500원
OFD 피스타치오 크림 도넛: 6,500원
돌체 핑거 세트: 7,500원
블론드 헤이즐넛 스타벅스 더블 샷: 5,100원
헤이즐넛 볼 초콜릿 밀크: 4,500원
블론드 에스프레소: 3,700원
헤이즐넛 볼 초콜릿 모카: 4,500원
블론드 에스프레소 마키아또: 3,700원
로고 코인 다크 초콜릿 (골드): 4,800원
블론드 에스프레소 콘 파나: 3,900원
로고 코인 밀크 초콜릿 (실버): 4,800원
스타벅스 파베 초콜릿 밀크: 16,900원
부쉬 드 노엘 초코 크레이프 롤: 7,900원
스타벅스 파베 초콜릿 다크: 16,900원
스타벅스 파베 초콜릿 밀크티: 19,900원
망고 패션 티 블렌디드: 5,600원
디카페인 카페 모카: 5,800원
제주 말차 라떼: 6,100원
카라멜 프라푸치노: 6,100원
유자 민트 티: 5,900원
디카페인 카푸치노: 5,300원
에스프레소 프라푸치노: 5,700원
망고주스 190ML: 4,700원
메리 베리 베이글 샌드: 6,900원
자몽 허니 블랙 티: 5,700원
블론드 에스프레소 프라푸치노: 5,700원
디카페인 에스프레소 프라푸치노: 6,000원
1/2디카페인 에스프레소 프라푸치노: 6,000원
케일&사과주스 190ML: 4,000원
디카페인 화이트 초콜릿 모카: 6,200원
한라봉주스 190ML: 4,700원
레이디핑거 티라미수 케이크: 6,900원
밀레앙 스타벅스 플랑: 8,300원
라이스 칩(유자잼): 3,300원
블론드 더블 에스프레소 칩 프라푸치노: 6,500원
클래식 피낭시에: 3,500원
한입에 쏙 고구마: 3,800원
초콜릿 피낭시에: 3,500원
진한 가나슈 9 레이어 케이크: 6,900원
오도독 건강한 넛&블루베리: 2,000원
블루베리 마블 치즈 케이크: 7,300원
바스크 초코 치즈 케이크: 7,300원
부드러운 흑임자 롤: 7,500원
제주 유기농 녹차로 만든 티: 5,300원
디카페인 커피 스타벅스 더블 샷: 5,400원
디카페인 카페 아메리카노: 4,800원
오가닉 그릭 요거트 플레인: 4,200원
생크림 크레이프 롤: 7,500원
바닐라 빈 젤라또: 5,300원
잉글리쉬 스콘: 3,900원
한입에 쏙 공주 알밤: 3,300원
오가닉 프로틴 그릭 요거트 & 그래놀라: 5,900원
파베 초콜릿 젤라또: 5,300원
플랫 퀸아망 솔티드 카라멜: 5,500원
한 입에 쏙 우리 과일칩(딸기&사과): 2,900원
플랫 퀸아망 초코칩: 5,500원
더블 에스프레소 크림 라떼: 6,500원
딸기 요거트 젤라또: 5,600원
소시지 프레첼 소금빵: 5,800원
클라우드 치즈 케이크: 5,500원
요거트 젤라또: 4,800원
소금빵: 3,400원
피스타치오 젤라또: 5,300원
탕종 플레인 베이글: 3,300원
부드러운 생크림 카스텔라: 4,500원
탕종 블루베리 베이글: 3,500원
탕종 파마산 치즈 베이글: 3,500원
햄 & 루꼴라 페스토 샌드위치: 6,900원
블루베리 요거트 190ML: 4,500원
더블 치즈 베이글 칩: 2,700원
디카페인 바닐라 스타벅스 더블 샷: 5,400원
하루 한 컵 RED+: 3,300원
쁘띠 까눌레: 800원
프리미엄 바나나: 1,500원
ABC 클렌즈 190ML: 4,700원
버터바: 3,800원
다크 초콜릿 마카롱: 2,700원
케일 클렌즈 190ML: 4,700원
논알코올 홀리데이 패션 티 뱅쇼: 6,700원
바나나&넛츠 세트: 3,500원
하트 스트로베리 마카롱: 3,200원
바닐라 마카롱: 2,700원
블루베리 마카롱: 2,700원
스틱 에그 타르트: 4,600원
화이트 초콜릿 모카: 5,900원
잉글리쉬 브렉퍼스트 티: 4,500원
디카페인 헤이즐넛 스타벅스 더블 샷: 5,400원
복숭아 가득 핸디 젤리: 2,800원
한라봉 가득 핸디 젤리: 2,800원
OFD 더블 베리 크림 도넛: 6,300원
하트 파이: 3,200원
사과 가득 핸디 젤리: 2,800원
미니 리프 파이: 3,900원
햇사과 주스 591ML: 8,900원
디카페인 에스프레소: 4,000원
얼 그레이 티: 4,500원
밀크 푸딩: 3,300원
초콜릿 푸딩: 3,300원
유기농 오렌지 100% 주스 591ML: 8,900원
제주 녹차 푸딩: 3,300원
딸기 촉촉 초코 생크림 케이크: 8,300원
에비앙 500ML: 3,300원
자일리톨 캔디 크리스탈 레몬: 3,300원
그래놀라 볼: 4,900원
씨프렌즈 캔디: 4,500원
아몬드 토피넛 캔디: 3,500원
초콜릿 쉐이크 스틱: 5,600원
디카페인 에스프레소 콘 파나: 4,200원
그레인 쉐이크 스틱: 5,600원
우리 쌀 파우더: 9,800원
우리 쑥 파우더: 9,800원
토피 넛 라떼: 6,500원
디카페인 더블 에스프레소 칩 프라푸치노: 6,800원
유스베리 티: 4,500원
그래놀라 오리지널(250g): 13,900원
비카인드 카라멜 씨솔트 아몬드 바: 2,800원
커피 스타벅스 더블 샷: 5,100원
페리에 라임 330ML: 3,300원
디카페인 에스프레소 마키아또: 4,000원
한 입에 쏙 카스텔라: 3,900원
하리보 골드베렌 40g: 1,500원
바닐라 스타벅스 더블 샷: 5,100원
히비스커스 블렌드 티: 4,500원
망고 용과 레모네이드 스타벅스 리프레셔: 6,100원
유기농 스파클링 애플 주스 296ML: 4,800원
헤이즐넛 스타벅스 더블 샷: 5,100원
민트 블렌드 티: 4,500원
에스프레소: 3,700원
에스프레소 마키아또: 3,700원
캐모마일 블렌드 티: 4,500원
에스프레소 콘 파나: 3,900원
1/2디카페인 플랫 화이트: 5,900원
1/2디카페인 스타벅스 돌체 라떼: 6,200원
1/2디카페인 카라멜 마키아또: 6,200원
산타 베어리스타 케이크: 8,300원
1/2디카페인 카페 라떼: 5,300원
1/2디카페인 카페 아메리카노: 4,800원
1/2디카페인 카페 모카: 5,800원
1/2디카페인 카푸치노: 5,300원
1/2디카페인 화이트 초콜릿 모카: 6,200원
1/2디카페인 커피 스타벅스 더블 샷: 5,400원
1/2디카페인 바닐라 스타벅스 더블 샷: 5,400원
1/2디카페인 헤이즐넛 스타벅스 더블 샷: 5,400원
1/2디카페인 에스프레소: 4,000원
1/2디카페인 에스프레소 콘 파나: 4,200원
필리 치즈 브리오슈 샌드위치: 7,900원
1/2디카페인 에스프레소 마키아또: 4,000원
트러플 머쉬룸 수프: 4,200원
홀리데이 버터 쿠키 틴 세트: 23,000원
1/2디카페인 더블 에스프레소 칩 프라푸치노: 6,800원
딸기주스 190ML: 4,500원
디카페인 카페 라떼: 5,300원
오늘의 커피 - 크리스마스 블렌드: 4,200원
플랫 화이트: 5,600원
스타벅스 딸기 라떼: 6,500원
트리 레드벨벳 치즈 케이크: 7,700원
더블 에그 브렉퍼스트 & 체다 샌드위치: 5,700원
홀리데이 너티 쿠키 틴 세트: 12,900원
멜팅 치즈 햄 & 어니언 샌드위치: 6,900원
고구마 카스텔라 생크림 케이크: 7,100원
홀리데이 눈사람 쿠키 카드: 6,300원
카페 아메리카노: 4,500원
유기농 오렌지 100% 주스 190ML: 4,900원
세사미 포테이토 탕종 베이글 샌드: 6,900원
홀리데이 강아지 쿠키 카드: 6,300원
디카페인 플랫 화이트: 5,900원
블론드 플랫 화이트: 5,600원
베이컨 체다 & 오믈렛 샌드위치: 5,900원
카페 라떼: 5,000원
돌체 콜드 브루: 6,000원
더블 치킨 브레스트 체다 & 에그 샌드위치: 5,700원
클로버 베어리 쿠키 카드: 6,100원
시그니처 핫 초콜릿: 5,700원
바닐라 크림 콜드 브루: 5,800원
디카페인 스타벅스 돌체 라떼: 6,200원
블론드 카페 아메리카노: 4,500원
수박 주스 190ML: 4,500원
제주 말차 크림 프라푸치노: 6,500원
딸기 가득 요거트 190ML: 4,100원
풀드 포크 바게트번 샌드위치: 7,300원
클로버 쿠키 카드: 6,100원
오늘의 커피: 4,200원
토마토 치킨 바게트번 샌드위치: 7,300원
아이스 커피: 4,500원
블론드 카페 라떼: 5,000원
바질 토마토 탕종 베이글 샌드: 5,900원
치킨 & 머쉬룸 멜팅 치즈 샌드위치: 6,900원
스노우맨 바움쿠헨: 9,500원
햄 & 딥 치즈 소금빵: 5,400원
스타벅스 돌체 라떼: 5,900원
블론드 바닐라 더블 샷 마키아또: 5,900원
오트 콜드 브루: 5,800원
단호박 에그 샐러드 샌드위치: 5,500원
카페 모카: 5,500원
치킨 베이컨 랩: 6,500원
B.E.L.T. 샌드위치: 5,900원
베이컨 치즈 토스트: 4,900원
자바 칩 프라푸치노: 6,500원
콜드 브루: 4,900원
햇사과 주스 190ML: 4,700원
딸기 딜라이트 요거트 블렌디드: 6,500원
얼 그레이 바닐라 티 라떼: 6,100원
블론드 스타벅스 돌체 라떼: 5,900원
스타벅스 너티 쿠키: 1,500원
스타벅스 너티 쿠키 10개입: 15,000원
스타벅스 너티 쿠키 틴 세트: 12,900원
카푸치노: 5,000원
화이트 초콜릿 카우보이 쿠키: 2,800원
에그에그 샌드위치: 4,400원
라이트 핑크 자몽 피지오: 6,300원
비스코티 크래커: 13,900원
치킨 클래식 샌드위치: 6,900원
청크 초콜릿 쿠키 틴 세트: 15,900원
카라멜 마키아또: 5,900원
치즈 포크 커틀릿 샌드위치: 6,200원
스팀 우유: 4,100원
디카페인 카라멜 마키아또: 6,200원
스타벅스 클래식 밀크 티: 5,900원
블론드 카페 모카: 5,500원
블론드 카푸치노: 5,000원
스퀴즈드 오렌지 주스 100ML: 3,800원
다크 초콜릿 카우보이 쿠키: 2,800원
블론드 카라멜 마키아또: 5,900원
블론드 화이트 초콜릿 모카: 5,900원
블론드 커피 스타벅스 더블 샷: 5,100원
돌체 핑거 초콜릿: 2,500원
블론드 바닐라 스타벅스 더블 샷: 5,100원
차이 티 라떼: 5,500원
초콜릿 크림 칩 프라푸치노: 6,200원
망고 바나나 블렌디드: 6,600원
우유: 4,100원","{
    ""월"": {
        ""영업시간"": ""07:00 - 22:00"",
        ""브레이크타임"": ""브레이크타임 없음"",
        ""라스트오더"": ""라스트오더 없음""
    },
    ""화"": {
        ""영업시간"": ""[오늘] 12.24 (화)07:00 - 22:00"",
        ""브레이크타임"": ""브레이크타임 없음"",
        ""라스트오더"": ""라스트오더 없음""
    },
    ""수"": {
        ""영업시간"": ""07:30 - 22:00"",
        ""브레이크타임"": ""브레이크타임 없음"",
        ""라스트오더"": ""라스트오더 없음""
    },
    ""목"": {
        ""영업시간"": ""07:00 - 22:00"",
        ""브레이크타임"": ""브레이크타임 없음"",
        ""라스트오더"": ""라스트오더 없음""
    },
    ""금"": {
        ""영업시간"": ""07:00 - 22:00"",
        ""브레이크타임"": ""브레이크타임 없음"",
        ""라스트오더"": ""라스트오더 없음""
    },
    ""토"": {
        ""영업시간"": ""07:00 - 22:00"",
        ""브레이크타임"": ""브레이크타임 없음"",
        ""라스트오더"": ""라스트오더 없음""
    },
    ""일"": {
        ""영업시간"": ""07:30 - 22:00"",
        ""브레이크타임"": ""브레이크타임 없음"",
        ""라스트오더"": ""라스트오더 없음""
    }
}"
Dr9wWfHrm5aW,스너그로스터리,"경기도 광명시 시청로 50 상가 A동 AA123호 지번
지도보기",02-3666-2010,"에스프레소: 4,500원
아메리카노: 4,500원
어메이징오트(귀리우유)변경: 500원
락토프리 우유 변경: 500원
핸드드립: 5,000원
콜드브루: 5,000원
밀크티: 5,500원
수제초코: 6,000원
레몬라임에이드: 5,500원
라임모히토: 6,000원
생과일주스: 6,500원
티라미수: 7,000원
라떼: 5,000원
헤이즐넛타르트: 7,500원
얼그레이 파운드: 3,800원
바닐라마들렌: 2,300원
레몬허니마들렌: 2,300원
블루베리히비스커스: 5,000원
탠저린진저: 5,000원
유주피치그린: 5,000원
페퍼민트: 5,000원
원두판매(200g): 15,000원
드립백: 2,500원
수제바닐라라떼: 5,500원
플렛화이트: 5,000원
카푸치노: 5,000원
바닐라크림라떼: 6,000원
초코크림모카라떼: 6,000원
콘브륄레라떼: 6,500원
디카페인 원두 변경: 0원
에스프레소: 4,500원
아메리카노: 4,500원
어메이징오트(귀리우유)변경: 500원
락토프리 우유 변경: 500원
핸드드립: 5,000원
콜드브루: 5,000원
밀크티: 5,500원
수제초코: 6,000원
레몬라임에이드: 5,500원
라임모히토: 6,000원
생과일주스: 6,500원
티라미수: 7,000원
라떼: 5,000원
헤이즐넛타르트: 7,500원
얼그레이 파운드: 3,800원
바닐라마들렌: 2,300원
레몬허니마들렌: 2,300원
블루베리히비스커스: 5,000원
탠저린진저: 5,000원
유주피치그린: 5,000원
페퍼민트: 5,000원
원두판매(200g): 15,000원
드립백: 2,500원
수제바닐라라떼: 5,500원
플렛화이트: 5,000원
카푸치노: 5,000원
바닐라크림라떼: 6,000원
초코크림모카라떼: 6,000원
콘브륄레라떼: 6,500원
디카페인 원두 변경: 0원","{
    ""월"": {
        ""영업시간"": ""08:00 - 22:00"",
        ""브레이크타임"": ""브레이크타임 없음"",
        ""라스트오더"": ""21:30""
    },
    ""화"": {
        ""영업시간"": ""[오늘] 12.24 (화)08:00 - 22:00"",
        ""브레이크타임"": ""브레이크타임 없음"",
        ""라스트오더"": ""21:30""
    },
    ""수"": {
        ""영업시간"": ""08:00 - 22:00"",
        ""브레이크타임"": ""브레이크타임 없음"",
        ""라스트오더"": ""21:30""
    },
    ""목"": {
        ""영업시간"": ""08:00 - 22:00"",
        ""브레이크타임"": ""브레이크타임 없음"",
        ""라스트오더"": ""21:30""
    },
    ""금"": {
        ""영업시간"": ""08:00 - 22:00"",
        ""브레이크타임"": ""브레이크타임 없음"",
        ""라스트오더"": ""21:30""
    },
    ""토"": {
        ""영업시간"": ""08:00 - 22:00"",
        ""브레이크타임"": ""브레이크타임 없음"",
        ""라스트오더"": ""21:30""
    },
    ""일"": {
        ""영업시간"": ""08:00 - 22:00"",
        ""브레이크타임"": ""브레이크타임 없음"",
        ""라스트오더"": ""21:30""
    }
}"
ZghjcnPpCimf,와밀 철산지점,"경기도 광명시 철산로 27 205, 206호 지번
지도보기",0507-1388-4180,"아메리카노: 3,800원
아메리카노: 3,800원","{
    ""월"": {
        ""영업시간"": ""09:00 - 00:00"",
        ""브레이크타임"": ""브레이크타임 없음"",
        ""라스트오더"": ""라스트오더 없음""
    },
    ""화"": {
        ""영업시간"": ""[오늘] 12.24 (화)09:00 - 00:00"",
        ""브레이크타임"": ""브레이크타임 없음"",
        ""라스트오더"": ""라스트오더 없음""
    },
    ""수"": {
        ""영업시간"": ""09:00 - 00:00"",
        ""브레이크타임"": ""브레이크타임 없음"",
        ""라스트오더"": ""라스트오더 없음""
    },
    ""목"": {
        ""영업시간"": ""09:00 - 00:00"",
        ""브레이크타임"": ""브레이크타임 없음"",
        ""라스트오더"": ""라스트오더 없음""
    },
    ""금"": {
        ""영업시간"": ""09:00 - 01:00"",
        ""브레이크타임"": ""브레이크타임 없음"",
        ""라스트오더"": ""라스트오더 없음""
    },
    ""토"": {
        ""영업시간"": ""09:00 - 01:00"",
        ""브레이크타임"": ""브레이크타임 없음"",
        ""라스트오더"": ""라스트오더 없음""
    },
    ""일"": {
        ""영업시간"": ""09:00 - 00:00"",
        ""브레이크타임"": ""브레이크타임 없음"",
        ""라스트오더"": ""라스트오더 없음""
    }
}"
IpygUSNbgb9w,커피 인텐스,"경기도 광명시 도덕공원로 21-1 B06호 커피 인텐스 지번
지도보기",010-8834-5749,"아메리카노: 2,500원
에스프레소: 2,500원
카푸치노: 3,000원
카페라떼: 3,000원
카라멜마끼아또: 3,500원
카페모카: 3,500원
흑임자라떼: 4,000원
수제 바닐라라떼: 3,500원
돌체라떼 아이스: 3,500원
딸기라떼 아이스: 3,500원
딸기썸머라떼 아이스: 4,500원
초코라떼: 3,500원
그린티라떼: 3,500원
플레인 스무디: 3,500원
딸기 스무디: 3,500원
망고 스무디: 3,500원
블루베리 스무디: 3,500원
유기농 그린티 스무디: 3,500원
초코 스무디: 3,500원
자몽차: 3,000원
레몬차: 3,000원
청귤차: 3,000원
허브티 캐모마일: 3,000원
허브티 페퍼민트: 3,000원
블루베리 히비스커스: 3,500원
복숭아 아이스티: 2,000원
레몬 아이스티: 2,000원
딸기에이드: 3,500원
자몽에이드: 3,500원
레몬에이드: 3,500원
청귤에이드: 3,500원
모히또: 4,000원
모히또 럼: 4,500원
플레인 스콘: 2,000원
크랜베리 스콘: 2,500원
자바칩 스콘: 2,500원
아메리카노: 2,500원
에스프레소: 2,500원
카푸치노: 3,000원
카페라떼: 3,000원
카라멜마끼아또: 3,500원
카페모카: 3,500원
흑임자라떼: 4,000원
수제 바닐라라떼: 3,500원
돌체라떼 아이스: 3,500원
딸기라떼 아이스: 3,500원
딸기썸머라떼 아이스: 4,500원
초코라떼: 3,500원
그린티라떼: 3,500원
플레인 스무디: 3,500원
딸기 스무디: 3,500원
망고 스무디: 3,500원
블루베리 스무디: 3,500원
유기농 그린티 스무디: 3,500원
초코 스무디: 3,500원
자몽차: 3,000원
레몬차: 3,000원
청귤차: 3,000원
허브티 캐모마일: 3,000원
허브티 페퍼민트: 3,000원
블루베리 히비스커스: 3,500원
복숭아 아이스티: 2,000원
레몬 아이스티: 2,000원
딸기에이드: 3,500원
자몽에이드: 3,500원
레몬에이드: 3,500원
청귤에이드: 3,500원
모히또: 4,000원
모히또 럼: 4,500원
플레인 스콘: 2,000원
크랜베리 스콘: 2,500원
자바칩 스콘: 2,500원","{
    ""월"": {
        ""영업시간"": ""휴무일""
    },
    ""화"": {
        ""영업시간"": ""[오늘] 12.24 (화)08:30 - 22:00"",
        ""브레이크타임"": ""브레이크타임 없음"",
        ""라스트오더"": ""라스트오더 없음""
    },
    ""수"": {
        ""영업시간"": ""08:30 - 22:00"",
        ""브레이크타임"": ""브레이크타임 없음"",
        ""라스트오더"": ""라스트오더 없음""
    },
    ""목"": {
        ""영업시간"": ""08:30 - 22:00"",
        ""브레이크타임"": ""브레이크타임 없음"",
        ""라스트오더"": ""라스트오더 없음""
    },
    ""금"": {
        ""영업시간"": ""08:30 - 22:00"",
        ""브레이크타임"": ""브레이크타임 없음"",
        ""라스트오더"": ""라스트오더 없음""
    },
    ""토"": {
        ""영업시간"": ""08:30 - 22:00"",
        ""브레이크타임"": ""브레이크타임 없음"",
        ""라스트오더"": ""라스트오더 없음""
    },
    ""일"": {
        ""영업시간"": ""08:30 - 22:00"",
        ""브레이크타임"": ""브레이크타임 없음"",
        ""라스트오더"": ""라스트오더 없음""
    }
}"
Zvm9H5p24TrJ,다올,"경기도 광명시 밤일안로 21 1층 지번
지도보기",0507-1350-1890,"마늘빵: 3,300원
마늘빵: 3,300원","{
    ""월"": {
        ""영업시간"": ""10:30 - 22:30"",
        ""브레이크타임"": ""브레이크타임 없음"",
        ""라스트오더"": ""라스트오더 없음""
    },
    ""화"": {
        ""영업시간"": ""[오늘] 12.24 (화)10:30 - 22:30"",
        ""브레이크타임"": ""브레이크타임 없음"",
        ""라스트오더"": ""라스트오더 없음""
    },
    ""수"": {
        ""영업시간"": ""10:30 - 22:30"",
        ""브레이크타임"": ""브레이크타임 없음"",
        ""라스트오더"": ""라스트오더 없음""
    },
    ""목"": {
        ""영업시간"": ""10:30 - 22:30"",
        ""브레이크타임"": ""브레이크타임 없음"",
        ""라스트오더"": ""라스트오더 없음""
    },
    ""금"": {
        ""영업시간"": ""10:30 - 22:30"",
        ""브레이크타임"": ""브레이크타임 없음"",
        ""라스트오더"": ""라스트오더 없음""
    },
    ""토"": {
        ""영업시간"": ""10:30 - 22:30"",
        ""브레이크타임"": ""브레이크타임 없음"",
        ""라스트오더"": ""라스트오더 없음""
    },
    ""일"": {
        ""영업시간"": ""10:30 - 22:30"",
        ""브레이크타임"": ""브레이크타임 없음"",
        ""라스트오더"": ""라스트오더 없음""
    }
}"
Pv0sWWIDhDjU,소올투베이커리,"경기도 광명시 가학로85번길 6-6 지번
지도보기",0507-1334-1931,"소금빵: 3,800원
소금빵: 3,800원","{
    ""월"": {
        ""영업시간"": ""10:00 - 19:30"",
        ""브레이크타임"": ""브레이크타임 없음"",
        ""라스트오더"": ""19:00""
    },
    ""화"": {
        ""영업시간"": ""[오늘] 12.24 (화)10:00 - 19:30"",
        ""브레이크타임"": ""브레이크타임 없음"",
        ""라스트오더"": ""19:00""
    },
    ""수"": {
        ""영업시간"": ""10:00 - 19:30"",
        ""브레이크타임"": ""브레이크타임 없음"",
        ""라스트오더"": ""19:00""
    },
    ""목"": {
        ""영업시간"": ""10:00 - 19:30"",
        ""브레이크타임"": ""브레이크타임 없음"",
        ""라스트오더"": ""19:00""
    },
    ""금"": {
        ""영업시간"": ""10:00 - 19:30"",
        ""브레이크타임"": ""브레이크타임 없음"",
        ""라스트오더"": ""19:00""
    },
    ""토"": {
        ""영업시간"": ""10:00 - 19:30"",
        ""브레이크타임"": ""브레이크타임 없음"",
        ""라스트오더"": ""19:00""
    },
    ""일"": {
        ""영업시간"": ""10:00 - 19:30"",
        ""브레이크타임"": ""브레이크타임 없음"",
        ""라스트오더"": ""19:00""
    }
}"
zrNOHnGOqNBz,스타벅스 광명AK점,"경기도 광명시 양지로 17 지번
지도보기",1522-3232,"쿨 라임 피지오: 6,100원
더블 에스프레소 칩 프라푸치노: 6,500원
OFD 피스타치오 크림 도넛: 6,500원
돌체 핑거 세트: 7,500원
블론드 헤이즐넛 스타벅스 더블 샷: 5,100원
헤이즐넛 볼 초콜릿 밀크: 4,500원
블론드 에스프레소: 3,700원
헤이즐넛 볼 초콜릿 모카: 4,500원
블론드 에스프레소 마키아또: 3,700원
로고 코인 다크 초콜릿 (골드): 4,800원
블론드 에스프레소 콘 파나: 3,900원
로고 코인 밀크 초콜릿 (실버): 4,800원
스타벅스 파베 초콜릿 밀크: 16,900원
부쉬 드 노엘 초코 크레이프 롤: 7,900원
스타벅스 파베 초콜릿 다크: 16,900원
스타벅스 파베 초콜릿 밀크티: 19,900원
망고 패션 티 블렌디드: 5,600원
디카페인 카페 모카: 5,800원
제주 말차 라떼: 6,100원
카라멜 프라푸치노: 6,100원
유자 민트 티: 5,900원
디카페인 카푸치노: 5,300원
에스프레소 프라푸치노: 5,700원
망고주스 190ML: 4,700원
메리 베리 베이글 샌드: 6,900원
자몽 허니 블랙 티: 5,700원
블론드 에스프레소 프라푸치노: 5,700원
디카페인 에스프레소 프라푸치노: 6,000원
1/2디카페인 에스프레소 프라푸치노: 6,000원
케일&사과주스 190ML: 4,000원
디카페인 화이트 초콜릿 모카: 6,200원
한라봉주스 190ML: 4,700원
레이디핑거 티라미수 케이크: 6,900원
밀레앙 스타벅스 플랑: 8,300원
라이스 칩(유자잼): 3,300원
블론드 더블 에스프레소 칩 프라푸치노: 6,500원
클래식 피낭시에: 3,500원
한입에 쏙 고구마: 3,800원
초콜릿 피낭시에: 3,500원
진한 가나슈 9 레이어 케이크: 6,900원
오도독 건강한 넛&블루베리: 2,000원
블루베리 마블 치즈 케이크: 7,300원
바스크 초코 치즈 케이크: 7,300원
부드러운 흑임자 롤: 7,500원
제주 유기농 녹차로 만든 티: 5,300원
디카페인 커피 스타벅스 더블 샷: 5,400원
디카페인 카페 아메리카노: 4,800원
오가닉 그릭 요거트 플레인: 4,200원
생크림 크레이프 롤: 7,500원
바닐라 빈 젤라또: 5,300원
잉글리쉬 스콘: 3,900원
한입에 쏙 공주 알밤: 3,300원
오가닉 프로틴 그릭 요거트 & 그래놀라: 5,900원
파베 초콜릿 젤라또: 5,300원
플랫 퀸아망 솔티드 카라멜: 5,500원
한 입에 쏙 우리 과일칩(딸기&사과): 2,900원
플랫 퀸아망 초코칩: 5,500원
더블 에스프레소 크림 라떼: 6,500원
딸기 요거트 젤라또: 5,600원
소시지 프레첼 소금빵: 5,800원
클라우드 치즈 케이크: 5,500원
요거트 젤라또: 4,800원
소금빵: 3,400원
피스타치오 젤라또: 5,300원
탕종 플레인 베이글: 3,300원
부드러운 생크림 카스텔라: 4,500원
탕종 블루베리 베이글: 3,500원
탕종 파마산 치즈 베이글: 3,500원
햄 & 루꼴라 페스토 샌드위치: 6,900원
블루베리 요거트 190ML: 4,500원
더블 치즈 베이글 칩: 2,700원
디카페인 바닐라 스타벅스 더블 샷: 5,400원
하루 한 컵 RED+: 3,300원
쁘띠 까눌레: 800원
프리미엄 바나나: 1,500원
ABC 클렌즈 190ML: 4,700원
버터바: 3,800원
다크 초콜릿 마카롱: 2,700원
케일 클렌즈 190ML: 4,700원
논알코올 홀리데이 패션 티 뱅쇼: 6,700원
바나나&넛츠 세트: 3,500원
하트 스트로베리 마카롱: 3,200원
바닐라 마카롱: 2,700원
블루베리 마카롱: 2,700원
스틱 에그 타르트: 4,600원
화이트 초콜릿 모카: 5,900원
잉글리쉬 브렉퍼스트 티: 4,500원
디카페인 헤이즐넛 스타벅스 더블 샷: 5,400원
복숭아 가득 핸디 젤리: 2,800원
한라봉 가득 핸디 젤리: 2,800원
OFD 더블 베리 크림 도넛: 6,300원
하트 파이: 3,200원
사과 가득 핸디 젤리: 2,800원
미니 리프 파이: 3,900원
햇사과 주스 591ML: 8,900원
디카페인 에스프레소: 4,000원
얼 그레이 티: 4,500원
밀크 푸딩: 3,300원
초콜릿 푸딩: 3,300원
유기농 오렌지 100% 주스 591ML: 8,900원
제주 녹차 푸딩: 3,300원
딸기 촉촉 초코 생크림 케이크: 8,300원
에비앙 500ML: 3,300원
자일리톨 캔디 크리스탈 레몬: 3,300원
그래놀라 볼: 4,900원
씨프렌즈 캔디: 4,500원
아몬드 토피넛 캔디: 3,500원
초콜릿 쉐이크 스틱: 5,600원
디카페인 에스프레소 콘 파나: 4,200원
그레인 쉐이크 스틱: 5,600원
우리 쌀 파우더: 9,800원
우리 쑥 파우더: 9,800원
토피 넛 라떼: 6,500원
디카페인 더블 에스프레소 칩 프라푸치노: 6,800원
유스베리 티: 4,500원
그래놀라 오리지널(250g): 13,900원
비카인드 카라멜 씨솔트 아몬드 바: 2,800원
커피 스타벅스 더블 샷: 5,100원
페리에 라임 330ML: 3,300원
디카페인 에스프레소 마키아또: 4,000원
한 입에 쏙 카스텔라: 3,900원
하리보 골드베렌 40g: 1,500원
바닐라 스타벅스 더블 샷: 5,100원
히비스커스 블렌드 티: 4,500원
망고 용과 레모네이드 스타벅스 리프레셔: 6,100원
유기농 스파클링 애플 주스 296ML: 4,800원
헤이즐넛 스타벅스 더블 샷: 5,100원
민트 블렌드 티: 4,500원
에스프레소: 3,700원
에스프레소 마키아또: 3,700원
캐모마일 블렌드 티: 4,500원
에스프레소 콘 파나: 3,900원
1/2디카페인 플랫 화이트: 5,900원
1/2디카페인 스타벅스 돌체 라떼: 6,200원
1/2디카페인 카라멜 마키아또: 6,200원
산타 베어리스타 케이크: 8,300원
1/2디카페인 카페 라떼: 5,300원
1/2디카페인 카페 아메리카노: 4,800원
1/2디카페인 카페 모카: 5,800원
1/2디카페인 카푸치노: 5,300원
1/2디카페인 화이트 초콜릿 모카: 6,200원
1/2디카페인 커피 스타벅스 더블 샷: 5,400원
1/2디카페인 바닐라 스타벅스 더블 샷: 5,400원
1/2디카페인 헤이즐넛 스타벅스 더블 샷: 5,400원
1/2디카페인 에스프레소: 4,000원
1/2디카페인 에스프레소 콘 파나: 4,200원
필리 치즈 브리오슈 샌드위치: 7,900원
1/2디카페인 에스프레소 마키아또: 4,000원
트러플 머쉬룸 수프: 4,200원
홀리데이 버터 쿠키 틴 세트: 23,000원
1/2디카페인 더블 에스프레소 칩 프라푸치노: 6,800원
딸기주스 190ML: 4,500원
디카페인 카페 라떼: 5,300원
오늘의 커피 - 크리스마스 블렌드: 4,200원
플랫 화이트: 5,600원
스타벅스 딸기 라떼: 6,500원
트리 레드벨벳 치즈 케이크: 7,700원
더블 에그 브렉퍼스트 & 체다 샌드위치: 5,700원
홀리데이 너티 쿠키 틴 세트: 12,900원
멜팅 치즈 햄 & 어니언 샌드위치: 6,900원
고구마 카스텔라 생크림 케이크: 7,100원
홀리데이 눈사람 쿠키 카드: 6,300원
카페 아메리카노: 4,500원
유기농 오렌지 100% 주스 190ML: 4,900원
세사미 포테이토 탕종 베이글 샌드: 6,900원
홀리데이 강아지 쿠키 카드: 6,300원
디카페인 플랫 화이트: 5,900원
블론드 플랫 화이트: 5,600원
베이컨 체다 & 오믈렛 샌드위치: 5,900원
카페 라떼: 5,000원
돌체 콜드 브루: 6,000원
더블 치킨 브레스트 체다 & 에그 샌드위치: 5,700원
클로버 베어리 쿠키 카드: 6,100원
시그니처 핫 초콜릿: 5,700원
바닐라 크림 콜드 브루: 5,800원
디카페인 스타벅스 돌체 라떼: 6,200원
블론드 카페 아메리카노: 4,500원
수박 주스 190ML: 4,500원
제주 말차 크림 프라푸치노: 6,500원
딸기 가득 요거트 190ML: 4,100원
풀드 포크 바게트번 샌드위치: 7,300원
클로버 쿠키 카드: 6,100원
오늘의 커피: 4,200원
토마토 치킨 바게트번 샌드위치: 7,300원
아이스 커피: 4,500원
블론드 카페 라떼: 5,000원
바질 토마토 탕종 베이글 샌드: 5,900원
치킨 & 머쉬룸 멜팅 치즈 샌드위치: 6,900원
스노우맨 바움쿠헨: 9,500원
햄 & 딥 치즈 소금빵: 5,400원
스타벅스 돌체 라떼: 5,900원
블론드 바닐라 더블 샷 마키아또: 5,900원
오트 콜드 브루: 5,800원
단호박 에그 샐러드 샌드위치: 5,500원
카페 모카: 5,500원
치킨 베이컨 랩: 6,500원
B.E.L.T. 샌드위치: 5,900원
베이컨 치즈 토스트: 4,900원
자바 칩 프라푸치노: 6,500원
콜드 브루: 4,900원
햇사과 주스 190ML: 4,700원
딸기 딜라이트 요거트 블렌디드: 6,500원
얼 그레이 바닐라 티 라떼: 6,100원
블론드 스타벅스 돌체 라떼: 5,900원
스타벅스 너티 쿠키: 1,500원
스타벅스 너티 쿠키 10개입: 15,000원
스타벅스 너티 쿠키 틴 세트: 12,900원
카푸치노: 5,000원
화이트 초콜릿 카우보이 쿠키: 2,800원
에그에그 샌드위치: 4,400원
라이트 핑크 자몽 피지오: 6,300원
비스코티 크래커: 13,900원
치킨 클래식 샌드위치: 6,900원
청크 초콜릿 쿠키 틴 세트: 15,900원
카라멜 마키아또: 5,900원
치즈 포크 커틀릿 샌드위치: 6,200원
스팀 우유: 4,100원
디카페인 카라멜 마키아또: 6,200원
스타벅스 클래식 밀크 티: 5,900원
블론드 카페 모카: 5,500원
블론드 카푸치노: 5,000원
스퀴즈드 오렌지 주스 100ML: 3,800원
다크 초콜릿 카우보이 쿠키: 2,800원
블론드 카라멜 마키아또: 5,900원
블론드 화이트 초콜릿 모카: 5,900원
블론드 커피 스타벅스 더블 샷: 5,100원
돌체 핑거 초콜릿: 2,500원
블론드 바닐라 스타벅스 더블 샷: 5,100원
차이 티 라떼: 5,500원
초콜릿 크림 칩 프라푸치노: 6,200원
망고 바나나 블렌디드: 6,600원
우유: 4,100원
쿨 라임 피지오: 6,100원
더블 에스프레소 칩 프라푸치노: 6,500원
OFD 피스타치오 크림 도넛: 6,500원
돌체 핑거 세트: 7,500원
블론드 헤이즐넛 스타벅스 더블 샷: 5,100원
헤이즐넛 볼 초콜릿 밀크: 4,500원
블론드 에스프레소: 3,700원
헤이즐넛 볼 초콜릿 모카: 4,500원
블론드 에스프레소 마키아또: 3,700원
로고 코인 다크 초콜릿 (골드): 4,800원
블론드 에스프레소 콘 파나: 3,900원
로고 코인 밀크 초콜릿 (실버): 4,800원
스타벅스 파베 초콜릿 밀크: 16,900원
부쉬 드 노엘 초코 크레이프 롤: 7,900원
스타벅스 파베 초콜릿 다크: 16,900원
스타벅스 파베 초콜릿 밀크티: 19,900원
망고 패션 티 블렌디드: 5,600원
디카페인 카페 모카: 5,800원
제주 말차 라떼: 6,100원
카라멜 프라푸치노: 6,100원
유자 민트 티: 5,900원
디카페인 카푸치노: 5,300원
에스프레소 프라푸치노: 5,700원
망고주스 190ML: 4,700원
메리 베리 베이글 샌드: 6,900원
자몽 허니 블랙 티: 5,700원
블론드 에스프레소 프라푸치노: 5,700원
디카페인 에스프레소 프라푸치노: 6,000원
1/2디카페인 에스프레소 프라푸치노: 6,000원
케일&사과주스 190ML: 4,000원
디카페인 화이트 초콜릿 모카: 6,200원
한라봉주스 190ML: 4,700원
레이디핑거 티라미수 케이크: 6,900원
밀레앙 스타벅스 플랑: 8,300원
라이스 칩(유자잼): 3,300원
블론드 더블 에스프레소 칩 프라푸치노: 6,500원
클래식 피낭시에: 3,500원
한입에 쏙 고구마: 3,800원
초콜릿 피낭시에: 3,500원
진한 가나슈 9 레이어 케이크: 6,900원
오도독 건강한 넛&블루베리: 2,000원
블루베리 마블 치즈 케이크: 7,300원
바스크 초코 치즈 케이크: 7,300원
부드러운 흑임자 롤: 7,500원
제주 유기농 녹차로 만든 티: 5,300원
디카페인 커피 스타벅스 더블 샷: 5,400원
디카페인 카페 아메리카노: 4,800원
오가닉 그릭 요거트 플레인: 4,200원
생크림 크레이프 롤: 7,500원
바닐라 빈 젤라또: 5,300원
잉글리쉬 스콘: 3,900원
한입에 쏙 공주 알밤: 3,300원
오가닉 프로틴 그릭 요거트 & 그래놀라: 5,900원
파베 초콜릿 젤라또: 5,300원
플랫 퀸아망 솔티드 카라멜: 5,500원
한 입에 쏙 우리 과일칩(딸기&사과): 2,900원
플랫 퀸아망 초코칩: 5,500원
더블 에스프레소 크림 라떼: 6,500원
딸기 요거트 젤라또: 5,600원
소시지 프레첼 소금빵: 5,800원
클라우드 치즈 케이크: 5,500원
요거트 젤라또: 4,800원
소금빵: 3,400원
피스타치오 젤라또: 5,300원
탕종 플레인 베이글: 3,300원
부드러운 생크림 카스텔라: 4,500원
탕종 블루베리 베이글: 3,500원
탕종 파마산 치즈 베이글: 3,500원
햄 & 루꼴라 페스토 샌드위치: 6,900원
블루베리 요거트 190ML: 4,500원
더블 치즈 베이글 칩: 2,700원
디카페인 바닐라 스타벅스 더블 샷: 5,400원
하루 한 컵 RED+: 3,300원
쁘띠 까눌레: 800원
프리미엄 바나나: 1,500원
ABC 클렌즈 190ML: 4,700원
버터바: 3,800원
다크 초콜릿 마카롱: 2,700원
케일 클렌즈 190ML: 4,700원
논알코올 홀리데이 패션 티 뱅쇼: 6,700원
바나나&넛츠 세트: 3,500원
하트 스트로베리 마카롱: 3,200원
바닐라 마카롱: 2,700원
블루베리 마카롱: 2,700원
스틱 에그 타르트: 4,600원
화이트 초콜릿 모카: 5,900원
잉글리쉬 브렉퍼스트 티: 4,500원
디카페인 헤이즐넛 스타벅스 더블 샷: 5,400원
복숭아 가득 핸디 젤리: 2,800원
한라봉 가득 핸디 젤리: 2,800원
OFD 더블 베리 크림 도넛: 6,300원
하트 파이: 3,200원
사과 가득 핸디 젤리: 2,800원
미니 리프 파이: 3,900원
햇사과 주스 591ML: 8,900원
디카페인 에스프레소: 4,000원
얼 그레이 티: 4,500원
밀크 푸딩: 3,300원
초콜릿 푸딩: 3,300원
유기농 오렌지 100% 주스 591ML: 8,900원
제주 녹차 푸딩: 3,300원
딸기 촉촉 초코 생크림 케이크: 8,300원
에비앙 500ML: 3,300원
자일리톨 캔디 크리스탈 레몬: 3,300원
그래놀라 볼: 4,900원
씨프렌즈 캔디: 4,500원
아몬드 토피넛 캔디: 3,500원
초콜릿 쉐이크 스틱: 5,600원
디카페인 에스프레소 콘 파나: 4,200원
그레인 쉐이크 스틱: 5,600원
우리 쌀 파우더: 9,800원
우리 쑥 파우더: 9,800원
토피 넛 라떼: 6,500원
디카페인 더블 에스프레소 칩 프라푸치노: 6,800원
유스베리 티: 4,500원
그래놀라 오리지널(250g): 13,900원
비카인드 카라멜 씨솔트 아몬드 바: 2,800원
커피 스타벅스 더블 샷: 5,100원
페리에 라임 330ML: 3,300원
디카페인 에스프레소 마키아또: 4,000원
한 입에 쏙 카스텔라: 3,900원
하리보 골드베렌 40g: 1,500원
바닐라 스타벅스 더블 샷: 5,100원
히비스커스 블렌드 티: 4,500원
망고 용과 레모네이드 스타벅스 리프레셔: 6,100원
유기농 스파클링 애플 주스 296ML: 4,800원
헤이즐넛 스타벅스 더블 샷: 5,100원
민트 블렌드 티: 4,500원
에스프레소: 3,700원
에스프레소 마키아또: 3,700원
캐모마일 블렌드 티: 4,500원
에스프레소 콘 파나: 3,900원
1/2디카페인 플랫 화이트: 5,900원
1/2디카페인 스타벅스 돌체 라떼: 6,200원
1/2디카페인 카라멜 마키아또: 6,200원
산타 베어리스타 케이크: 8,300원
1/2디카페인 카페 라떼: 5,300원
1/2디카페인 카페 아메리카노: 4,800원
1/2디카페인 카페 모카: 5,800원
1/2디카페인 카푸치노: 5,300원
1/2디카페인 화이트 초콜릿 모카: 6,200원
1/2디카페인 커피 스타벅스 더블 샷: 5,400원
1/2디카페인 바닐라 스타벅스 더블 샷: 5,400원
1/2디카페인 헤이즐넛 스타벅스 더블 샷: 5,400원
1/2디카페인 에스프레소: 4,000원
1/2디카페인 에스프레소 콘 파나: 4,200원
필리 치즈 브리오슈 샌드위치: 7,900원
1/2디카페인 에스프레소 마키아또: 4,000원
트러플 머쉬룸 수프: 4,200원
홀리데이 버터 쿠키 틴 세트: 23,000원
1/2디카페인 더블 에스프레소 칩 프라푸치노: 6,800원
딸기주스 190ML: 4,500원
디카페인 카페 라떼: 5,300원
오늘의 커피 - 크리스마스 블렌드: 4,200원
플랫 화이트: 5,600원
스타벅스 딸기 라떼: 6,500원
트리 레드벨벳 치즈 케이크: 7,700원
더블 에그 브렉퍼스트 & 체다 샌드위치: 5,700원
홀리데이 너티 쿠키 틴 세트: 12,900원
멜팅 치즈 햄 & 어니언 샌드위치: 6,900원
고구마 카스텔라 생크림 케이크: 7,100원
홀리데이 눈사람 쿠키 카드: 6,300원
카페 아메리카노: 4,500원
유기농 오렌지 100% 주스 190ML: 4,900원
세사미 포테이토 탕종 베이글 샌드: 6,900원
홀리데이 강아지 쿠키 카드: 6,300원
디카페인 플랫 화이트: 5,900원
블론드 플랫 화이트: 5,600원
베이컨 체다 & 오믈렛 샌드위치: 5,900원
카페 라떼: 5,000원
돌체 콜드 브루: 6,000원
더블 치킨 브레스트 체다 & 에그 샌드위치: 5,700원
클로버 베어리 쿠키 카드: 6,100원
시그니처 핫 초콜릿: 5,700원
바닐라 크림 콜드 브루: 5,800원
디카페인 스타벅스 돌체 라떼: 6,200원
블론드 카페 아메리카노: 4,500원
수박 주스 190ML: 4,500원
제주 말차 크림 프라푸치노: 6,500원
딸기 가득 요거트 190ML: 4,100원
풀드 포크 바게트번 샌드위치: 7,300원
클로버 쿠키 카드: 6,100원
오늘의 커피: 4,200원
토마토 치킨 바게트번 샌드위치: 7,300원
아이스 커피: 4,500원
블론드 카페 라떼: 5,000원
바질 토마토 탕종 베이글 샌드: 5,900원
치킨 & 머쉬룸 멜팅 치즈 샌드위치: 6,900원
스노우맨 바움쿠헨: 9,500원
햄 & 딥 치즈 소금빵: 5,400원
스타벅스 돌체 라떼: 5,900원
블론드 바닐라 더블 샷 마키아또: 5,900원
오트 콜드 브루: 5,800원
단호박 에그 샐러드 샌드위치: 5,500원
카페 모카: 5,500원
치킨 베이컨 랩: 6,500원
B.E.L.T. 샌드위치: 5,900원
베이컨 치즈 토스트: 4,900원
자바 칩 프라푸치노: 6,500원
콜드 브루: 4,900원
햇사과 주스 190ML: 4,700원
딸기 딜라이트 요거트 블렌디드: 6,500원
얼 그레이 바닐라 티 라떼: 6,100원
블론드 스타벅스 돌체 라떼: 5,900원
스타벅스 너티 쿠키: 1,500원
스타벅스 너티 쿠키 10개입: 15,000원
스타벅스 너티 쿠키 틴 세트: 12,900원
카푸치노: 5,000원
화이트 초콜릿 카우보이 쿠키: 2,800원
에그에그 샌드위치: 4,400원
라이트 핑크 자몽 피지오: 6,300원
비스코티 크래커: 13,900원
치킨 클래식 샌드위치: 6,900원
청크 초콜릿 쿠키 틴 세트: 15,900원
카라멜 마키아또: 5,900원
치즈 포크 커틀릿 샌드위치: 6,200원
스팀 우유: 4,100원
디카페인 카라멜 마키아또: 6,200원
스타벅스 클래식 밀크 티: 5,900원
블론드 카페 모카: 5,500원
블론드 카푸치노: 5,000원
스퀴즈드 오렌지 주스 100ML: 3,800원
다크 초콜릿 카우보이 쿠키: 2,800원
블론드 카라멜 마키아또: 5,900원
블론드 화이트 초콜릿 모카: 5,900원
블론드 커피 스타벅스 더블 샷: 5,100원
돌체 핑거 초콜릿: 2,500원
블론드 바닐라 스타벅스 더블 샷: 5,100원
차이 티 라떼: 5,500원
초콜릿 크림 칩 프라푸치노: 6,200원
망고 바나나 블렌디드: 6,600원
우유: 4,100원","{
    ""월"": {
        ""영업시간"": ""10:30 - 21:00"",
        ""브레이크타임"": ""브레이크타임 없음"",
        ""라스트오더"": ""라스트오더 없음""
    },
    ""화"": {
        ""영업시간"": ""[오늘] 12.24 (화)10:30 - 21:00"",
        ""브레이크타임"": ""브레이크타임 없음"",
        ""라스트오더"": ""라스트오더 없음""
    },
    ""수"": {
        ""영업시간"": ""10:30 - 21:00"",
        ""브레이크타임"": ""브레이크타임 없음"",
        ""라스트오더"": ""라스트오더 없음""
    },
    ""목"": {
        ""영업시간"": ""10:30 - 21:00"",
        ""브레이크타임"": ""브레이크타임 없음"",
        ""라스트오더"": ""라스트오더 없음""
    },
    ""금"": {
        ""영업시간"": ""10:30 - 21:00"",
        ""브레이크타임"": ""브레이크타임 없음"",
        ""라스트오더"": ""라스트오더 없음""
    },
    ""토"": {
        ""영업시간"": ""10:30 - 21:00"",
        ""브레이크타임"": ""브레이크타임 없음"",
        ""라스트오더"": ""라스트오더 없음""
    },
    ""일"": {
        ""영업시간"": ""10:30 - 21:00"",
        ""브레이크타임"": ""브레이크타임 없음"",
        ""라스트오더"": ""라스트오더 없음""
    }
}"
oJDLGVuCoJAK,빵명장,"경기도 광명시 밤일로 38 지번
지도보기",02-898-5110,"시골고구마 (칼슘빵): 6,500원
몽블랑 (칼슘빵): 7,000원
모카찰빵: 5,000원
무화과치즈깜빠뉴: 7,000원
아메리카노(HOT): 5,500원
크림치즈호두: 6,500원
시골고구마: 6,500원
헤이즐넛 블루베리: 8,000원
호박빵: 6,500원
생크림 카스테라: 10,000원
크로와상: 4,300원
통단팥빵: 3,500원
맘모스: 9,000원
고구마 타피오카: 4,000원
감자 타피오카: 4,000원
소보로빵: 3,500원
롱소세지: 5,500원
촉촉한 치즈: 5,000원
블루베리빵: 6,000원
밤빵: 7,000원
디어바게트: 5,500원
소보로 앙버터: 7,000원
블루베리 버터크림빵: 7,500원
육쪽마늘빵: 6,500원
살구파이: 4,000원
크랜베리 바게트: 6,000원
라우겐: 6,500원
에그타르트: 3,500원
무화과패스츄리: 7,000원
흑임자빵: 7,000원
롤케이크: 15,000원
호밀빵: 7,000원
딸기생크림빵: 8,000원
바질토마토: 7,000원
시골고구마 (칼슘빵): 6,500원
몽블랑 (칼슘빵): 7,000원
모카찰빵: 5,000원
무화과치즈깜빠뉴: 7,000원
아메리카노(HOT): 5,500원
크림치즈호두: 6,500원
시골고구마: 6,500원
헤이즐넛 블루베리: 8,000원
호박빵: 6,500원
생크림 카스테라: 10,000원
크로와상: 4,300원
통단팥빵: 3,500원
맘모스: 9,000원
고구마 타피오카: 4,000원
감자 타피오카: 4,000원
소보로빵: 3,500원
롱소세지: 5,500원
촉촉한 치즈: 5,000원
블루베리빵: 6,000원
밤빵: 7,000원
디어바게트: 5,500원
소보로 앙버터: 7,000원
블루베리 버터크림빵: 7,500원
육쪽마늘빵: 6,500원
살구파이: 4,000원
크랜베리 바게트: 6,000원
라우겐: 6,500원
에그타르트: 3,500원
무화과패스츄리: 7,000원
흑임자빵: 7,000원
롤케이크: 15,000원
호밀빵: 7,000원
딸기생크림빵: 8,000원
바질토마토: 7,000원","{
    ""월"": {
        ""영업시간"": ""09:00 - 22:00"",
        ""브레이크타임"": ""브레이크타임 없음"",
        ""라스트오더"": ""라스트오더 없음""
    },
    ""화"": {
        ""영업시간"": ""[오늘] 12.24 (화)09:00 - 22:00"",
        ""브레이크타임"": ""브레이크타임 없음"",
        ""라스트오더"": ""라스트오더 없음""
    },
    ""수"": {
        ""영업시간"": ""09:00 - 22:00"",
        ""브레이크타임"": ""브레이크타임 없음"",
        ""라스트오더"": ""라스트오더 없음""
    },
    ""목"": {
        ""영업시간"": ""09:00 - 22:00"",
        ""브레이크타임"": ""브레이크타임 없음"",
        ""라스트오더"": ""라스트오더 없음""
    },
    ""금"": {
        ""영업시간"": ""09:00 - 22:00"",
        ""브레이크타임"": ""브레이크타임 없음"",
        ""라스트오더"": ""라스트오더 없음""
    },
    ""토"": {
        ""영업시간"": ""09:00 - 22:00"",
        ""브레이크타임"": ""브레이크타임 없음"",
        ""라스트오더"": ""라스트오더 없음""
    },
    ""일"": {
        ""영업시간"": ""09:00 - 22:00"",
        ""브레이크타임"": ""브레이크타임 없음"",
        ""라스트오더"": ""라스트오더 없음""
    }
}"
XTF9WaJoCuDX,스타벅스 광명소하점,"경기도 광명시 금하로 464 지번
지도보기",1522-3232,"쿨 라임 피지오: 6,100원
더블 에스프레소 칩 프라푸치노: 6,500원
OFD 피스타치오 크림 도넛: 6,500원
돌체 핑거 세트: 7,500원
블론드 헤이즐넛 스타벅스 더블 샷: 5,100원
헤이즐넛 볼 초콜릿 밀크: 4,500원
블론드 에스프레소: 3,700원
헤이즐넛 볼 초콜릿 모카: 4,500원
블론드 에스프레소 마키아또: 3,700원
로고 코인 다크 초콜릿 (골드): 4,800원
블론드 에스프레소 콘 파나: 3,900원
로고 코인 밀크 초콜릿 (실버): 4,800원
스타벅스 파베 초콜릿 밀크: 16,900원
부쉬 드 노엘 초코 크레이프 롤: 7,900원
스타벅스 파베 초콜릿 다크: 16,900원
스타벅스 파베 초콜릿 밀크티: 19,900원
망고 패션 티 블렌디드: 5,600원
디카페인 카페 모카: 5,800원
제주 말차 라떼: 6,100원
카라멜 프라푸치노: 6,100원
유자 민트 티: 5,900원
디카페인 카푸치노: 5,300원
에스프레소 프라푸치노: 5,700원
망고주스 190ML: 4,700원
메리 베리 베이글 샌드: 6,900원
자몽 허니 블랙 티: 5,700원
블론드 에스프레소 프라푸치노: 5,700원
디카페인 에스프레소 프라푸치노: 6,000원
1/2디카페인 에스프레소 프라푸치노: 6,000원
케일&사과주스 190ML: 4,000원
디카페인 화이트 초콜릿 모카: 6,200원
한라봉주스 190ML: 4,700원
레이디핑거 티라미수 케이크: 6,900원
밀레앙 스타벅스 플랑: 8,300원
라이스 칩(유자잼): 3,300원
블론드 더블 에스프레소 칩 프라푸치노: 6,500원
클래식 피낭시에: 3,500원
한입에 쏙 고구마: 3,800원
초콜릿 피낭시에: 3,500원
진한 가나슈 9 레이어 케이크: 6,900원
오도독 건강한 넛&블루베리: 2,000원
블루베리 마블 치즈 케이크: 7,300원
바스크 초코 치즈 케이크: 7,300원
부드러운 흑임자 롤: 7,500원
제주 유기농 녹차로 만든 티: 5,300원
디카페인 커피 스타벅스 더블 샷: 5,400원
디카페인 카페 아메리카노: 4,800원
오가닉 그릭 요거트 플레인: 4,200원
생크림 크레이프 롤: 7,500원
바닐라 빈 젤라또: 5,300원
잉글리쉬 스콘: 3,900원
한입에 쏙 공주 알밤: 3,300원
오가닉 프로틴 그릭 요거트 & 그래놀라: 5,900원
파베 초콜릿 젤라또: 5,300원
플랫 퀸아망 솔티드 카라멜: 5,500원
한 입에 쏙 우리 과일칩(딸기&사과): 2,900원
플랫 퀸아망 초코칩: 5,500원
더블 에스프레소 크림 라떼: 6,500원
딸기 요거트 젤라또: 5,600원
소시지 프레첼 소금빵: 5,800원
클라우드 치즈 케이크: 5,500원
요거트 젤라또: 4,800원
소금빵: 3,400원
피스타치오 젤라또: 5,300원
탕종 플레인 베이글: 3,300원
부드러운 생크림 카스텔라: 4,500원
탕종 블루베리 베이글: 3,500원
탕종 파마산 치즈 베이글: 3,500원
햄 & 루꼴라 페스토 샌드위치: 6,900원
블루베리 요거트 190ML: 4,500원
더블 치즈 베이글 칩: 2,700원
디카페인 바닐라 스타벅스 더블 샷: 5,400원
하루 한 컵 RED+: 3,300원
쁘띠 까눌레: 800원
프리미엄 바나나: 1,500원
ABC 클렌즈 190ML: 4,700원
버터바: 3,800원
다크 초콜릿 마카롱: 2,700원
케일 클렌즈 190ML: 4,700원
논알코올 홀리데이 패션 티 뱅쇼: 6,700원
바나나&넛츠 세트: 3,500원
하트 스트로베리 마카롱: 3,200원
바닐라 마카롱: 2,700원
블루베리 마카롱: 2,700원
스틱 에그 타르트: 4,600원
화이트 초콜릿 모카: 5,900원
잉글리쉬 브렉퍼스트 티: 4,500원
디카페인 헤이즐넛 스타벅스 더블 샷: 5,400원
복숭아 가득 핸디 젤리: 2,800원
한라봉 가득 핸디 젤리: 2,800원
OFD 더블 베리 크림 도넛: 6,300원
하트 파이: 3,200원
사과 가득 핸디 젤리: 2,800원
미니 리프 파이: 3,900원
디카페인 에스프레소: 4,000원
얼 그레이 티: 4,500원
밀크 푸딩: 3,300원
초콜릿 푸딩: 3,300원
제주 녹차 푸딩: 3,300원
에비앙 500ML: 3,300원
자일리톨 캔디 크리스탈 레몬: 3,300원
딸기 촉촉 초코 생크림 케이크: 8,300원
그래놀라 볼: 4,900원
씨프렌즈 캔디: 4,500원
아몬드 토피넛 캔디: 3,500원
초콜릿 쉐이크 스틱: 5,600원
디카페인 에스프레소 콘 파나: 4,200원
그레인 쉐이크 스틱: 5,600원
우리 쌀 파우더: 9,800원
우리 쑥 파우더: 9,800원
유스베리 티: 4,500원
그래놀라 오리지널(250g): 13,900원
토피 넛 라떼: 6,500원
디카페인 더블 에스프레소 칩 프라푸치노: 6,800원
비카인드 카라멜 씨솔트 아몬드 바: 2,800원
커피 스타벅스 더블 샷: 5,100원
페리에 라임 330ML: 3,300원
디카페인 에스프레소 마키아또: 4,000원
한 입에 쏙 카스텔라: 3,900원
하리보 골드베렌 40g: 1,500원
바닐라 스타벅스 더블 샷: 5,100원
히비스커스 블렌드 티: 4,500원
유기농 스파클링 애플 주스 296ML: 4,800원
헤이즐넛 스타벅스 더블 샷: 5,100원
망고 용과 레모네이드 스타벅스 리프레셔: 6,100원
민트 블렌드 티: 4,500원
에스프레소: 3,700원
에스프레소 마키아또: 3,700원
캐모마일 블렌드 티: 4,500원
에스프레소 콘 파나: 3,900원
1/2디카페인 플랫 화이트: 5,900원
1/2디카페인 스타벅스 돌체 라떼: 6,200원
1/2디카페인 카라멜 마키아또: 6,200원
1/2디카페인 카페 라떼: 5,300원
1/2디카페인 카페 아메리카노: 4,800원
산타 베어리스타 케이크: 8,300원
1/2디카페인 카페 모카: 5,800원
1/2디카페인 카푸치노: 5,300원
1/2디카페인 화이트 초콜릿 모카: 6,200원
1/2디카페인 커피 스타벅스 더블 샷: 5,400원
1/2디카페인 바닐라 스타벅스 더블 샷: 5,400원
1/2디카페인 헤이즐넛 스타벅스 더블 샷: 5,400원
1/2디카페인 에스프레소: 4,000원
1/2디카페인 에스프레소 콘 파나: 4,200원
1/2디카페인 에스프레소 마키아또: 4,000원
트러플 머쉬룸 수프: 4,200원
필리 치즈 브리오슈 샌드위치: 7,900원
홀리데이 버터 쿠키 틴 세트: 23,000원
1/2디카페인 더블 에스프레소 칩 프라푸치노: 6,800원
딸기주스 190ML: 4,500원
디카페인 카페 라떼: 5,300원
오늘의 커피 - 크리스마스 블렌드: 4,200원
플랫 화이트: 5,600원
스타벅스 딸기 라떼: 6,500원
트리 레드벨벳 치즈 케이크: 7,700원
더블 에그 브렉퍼스트 & 체다 샌드위치: 5,700원
홀리데이 너티 쿠키 틴 세트: 12,900원
멜팅 치즈 햄 & 어니언 샌드위치: 6,900원
고구마 카스텔라 생크림 케이크: 7,100원
홀리데이 눈사람 쿠키 카드: 6,300원
카페 아메리카노: 4,500원
유기농 오렌지 100% 주스 190ML: 4,900원
세사미 포테이토 탕종 베이글 샌드: 6,900원
홀리데이 강아지 쿠키 카드: 6,300원
디카페인 플랫 화이트: 5,900원
블론드 플랫 화이트: 5,600원
베이컨 체다 & 오믈렛 샌드위치: 5,900원
카페 라떼: 5,000원
돌체 콜드 브루: 6,000원
더블 치킨 브레스트 체다 & 에그 샌드위치: 5,700원
클로버 베어리 쿠키 카드: 6,100원
시그니처 핫 초콜릿: 5,700원
바닐라 크림 콜드 브루: 5,800원
디카페인 스타벅스 돌체 라떼: 6,200원
블론드 카페 아메리카노: 4,500원
수박 주스 190ML: 4,500원
제주 말차 크림 프라푸치노: 6,500원
딸기 가득 요거트 190ML: 4,100원
풀드 포크 바게트번 샌드위치: 7,300원
클로버 쿠키 카드: 6,100원
오늘의 커피: 4,200원
토마토 치킨 바게트번 샌드위치: 7,300원
아이스 커피: 4,500원
블론드 카페 라떼: 5,000원
바질 토마토 탕종 베이글 샌드: 5,900원
치킨 & 머쉬룸 멜팅 치즈 샌드위치: 6,900원
스노우맨 바움쿠헨: 9,500원
햄 & 딥 치즈 소금빵: 5,400원
스타벅스 돌체 라떼: 5,900원
블론드 바닐라 더블 샷 마키아또: 5,900원
오트 콜드 브루: 5,800원
단호박 에그 샐러드 샌드위치: 5,500원
카페 모카: 5,500원
치킨 베이컨 랩: 6,500원
B.E.L.T. 샌드위치: 5,900원
베이컨 치즈 토스트: 4,900원
자바 칩 프라푸치노: 6,500원
콜드 브루: 4,900원
햇사과 주스 190ML: 4,700원
딸기 딜라이트 요거트 블렌디드: 6,500원
얼 그레이 바닐라 티 라떼: 6,100원
블론드 스타벅스 돌체 라떼: 5,900원
스타벅스 너티 쿠키: 1,500원
스타벅스 너티 쿠키 10개입: 15,000원
스타벅스 너티 쿠키 틴 세트: 12,900원
카푸치노: 5,000원
화이트 초콜릿 카우보이 쿠키: 2,800원
에그에그 샌드위치: 4,400원
라이트 핑크 자몽 피지오: 6,300원
비스코티 크래커: 13,900원
치킨 클래식 샌드위치: 6,900원
청크 초콜릿 쿠키 틴 세트: 15,900원
카라멜 마키아또: 5,900원
치즈 포크 커틀릿 샌드위치: 6,200원
스팀 우유: 4,100원
디카페인 카라멜 마키아또: 6,200원
스타벅스 클래식 밀크 티: 5,900원
블론드 카페 모카: 5,500원
블론드 카푸치노: 5,000원
스퀴즈드 오렌지 주스 100ML: 3,800원
다크 초콜릿 카우보이 쿠키: 2,800원
블론드 카라멜 마키아또: 5,900원
블론드 화이트 초콜릿 모카: 5,900원
블론드 커피 스타벅스 더블 샷: 5,100원
돌체 핑거 초콜릿: 2,500원
블론드 바닐라 스타벅스 더블 샷: 5,100원
차이 티 라떼: 5,500원
초콜릿 크림 칩 프라푸치노: 6,200원
망고 바나나 블렌디드: 6,600원
우유: 4,100원
쿨 라임 피지오: 6,100원
더블 에스프레소 칩 프라푸치노: 6,500원
OFD 피스타치오 크림 도넛: 6,500원
돌체 핑거 세트: 7,500원
블론드 헤이즐넛 스타벅스 더블 샷: 5,100원
헤이즐넛 볼 초콜릿 밀크: 4,500원
블론드 에스프레소: 3,700원
헤이즐넛 볼 초콜릿 모카: 4,500원
블론드 에스프레소 마키아또: 3,700원
로고 코인 다크 초콜릿 (골드): 4,800원
블론드 에스프레소 콘 파나: 3,900원
로고 코인 밀크 초콜릿 (실버): 4,800원
스타벅스 파베 초콜릿 밀크: 16,900원
부쉬 드 노엘 초코 크레이프 롤: 7,900원
스타벅스 파베 초콜릿 다크: 16,900원
스타벅스 파베 초콜릿 밀크티: 19,900원
망고 패션 티 블렌디드: 5,600원
디카페인 카페 모카: 5,800원
제주 말차 라떼: 6,100원
카라멜 프라푸치노: 6,100원
유자 민트 티: 5,900원
디카페인 카푸치노: 5,300원
에스프레소 프라푸치노: 5,700원
망고주스 190ML: 4,700원
메리 베리 베이글 샌드: 6,900원
자몽 허니 블랙 티: 5,700원
블론드 에스프레소 프라푸치노: 5,700원
디카페인 에스프레소 프라푸치노: 6,000원
1/2디카페인 에스프레소 프라푸치노: 6,000원
케일&사과주스 190ML: 4,000원
디카페인 화이트 초콜릿 모카: 6,200원
한라봉주스 190ML: 4,700원
레이디핑거 티라미수 케이크: 6,900원
밀레앙 스타벅스 플랑: 8,300원
라이스 칩(유자잼): 3,300원
블론드 더블 에스프레소 칩 프라푸치노: 6,500원
클래식 피낭시에: 3,500원
한입에 쏙 고구마: 3,800원
초콜릿 피낭시에: 3,500원
진한 가나슈 9 레이어 케이크: 6,900원
오도독 건강한 넛&블루베리: 2,000원
블루베리 마블 치즈 케이크: 7,300원
바스크 초코 치즈 케이크: 7,300원
부드러운 흑임자 롤: 7,500원
제주 유기농 녹차로 만든 티: 5,300원
디카페인 커피 스타벅스 더블 샷: 5,400원
디카페인 카페 아메리카노: 4,800원
오가닉 그릭 요거트 플레인: 4,200원
생크림 크레이프 롤: 7,500원
바닐라 빈 젤라또: 5,300원
잉글리쉬 스콘: 3,900원
한입에 쏙 공주 알밤: 3,300원
오가닉 프로틴 그릭 요거트 & 그래놀라: 5,900원
파베 초콜릿 젤라또: 5,300원
플랫 퀸아망 솔티드 카라멜: 5,500원
한 입에 쏙 우리 과일칩(딸기&사과): 2,900원
플랫 퀸아망 초코칩: 5,500원
더블 에스프레소 크림 라떼: 6,500원
딸기 요거트 젤라또: 5,600원
소시지 프레첼 소금빵: 5,800원
클라우드 치즈 케이크: 5,500원
요거트 젤라또: 4,800원
소금빵: 3,400원
피스타치오 젤라또: 5,300원
탕종 플레인 베이글: 3,300원
부드러운 생크림 카스텔라: 4,500원
탕종 블루베리 베이글: 3,500원
탕종 파마산 치즈 베이글: 3,500원
햄 & 루꼴라 페스토 샌드위치: 6,900원
블루베리 요거트 190ML: 4,500원
더블 치즈 베이글 칩: 2,700원
디카페인 바닐라 스타벅스 더블 샷: 5,400원
하루 한 컵 RED+: 3,300원
쁘띠 까눌레: 800원
프리미엄 바나나: 1,500원
ABC 클렌즈 190ML: 4,700원
버터바: 3,800원
다크 초콜릿 마카롱: 2,700원
케일 클렌즈 190ML: 4,700원
논알코올 홀리데이 패션 티 뱅쇼: 6,700원
바나나&넛츠 세트: 3,500원
하트 스트로베리 마카롱: 3,200원
바닐라 마카롱: 2,700원
블루베리 마카롱: 2,700원
스틱 에그 타르트: 4,600원
화이트 초콜릿 모카: 5,900원
잉글리쉬 브렉퍼스트 티: 4,500원
디카페인 헤이즐넛 스타벅스 더블 샷: 5,400원
복숭아 가득 핸디 젤리: 2,800원
한라봉 가득 핸디 젤리: 2,800원
OFD 더블 베리 크림 도넛: 6,300원
하트 파이: 3,200원
사과 가득 핸디 젤리: 2,800원
미니 리프 파이: 3,900원
디카페인 에스프레소: 4,000원
얼 그레이 티: 4,500원
밀크 푸딩: 3,300원
초콜릿 푸딩: 3,300원
제주 녹차 푸딩: 3,300원
에비앙 500ML: 3,300원
자일리톨 캔디 크리스탈 레몬: 3,300원
딸기 촉촉 초코 생크림 케이크: 8,300원
그래놀라 볼: 4,900원
씨프렌즈 캔디: 4,500원
아몬드 토피넛 캔디: 3,500원
초콜릿 쉐이크 스틱: 5,600원
디카페인 에스프레소 콘 파나: 4,200원
그레인 쉐이크 스틱: 5,600원
우리 쌀 파우더: 9,800원
우리 쑥 파우더: 9,800원
유스베리 티: 4,500원
그래놀라 오리지널(250g): 13,900원
토피 넛 라떼: 6,500원
디카페인 더블 에스프레소 칩 프라푸치노: 6,800원
비카인드 카라멜 씨솔트 아몬드 바: 2,800원
커피 스타벅스 더블 샷: 5,100원
페리에 라임 330ML: 3,300원
디카페인 에스프레소 마키아또: 4,000원
한 입에 쏙 카스텔라: 3,900원
하리보 골드베렌 40g: 1,500원
바닐라 스타벅스 더블 샷: 5,100원
히비스커스 블렌드 티: 4,500원
유기농 스파클링 애플 주스 296ML: 4,800원
헤이즐넛 스타벅스 더블 샷: 5,100원
망고 용과 레모네이드 스타벅스 리프레셔: 6,100원
민트 블렌드 티: 4,500원
에스프레소: 3,700원
에스프레소 마키아또: 3,700원
캐모마일 블렌드 티: 4,500원
에스프레소 콘 파나: 3,900원
1/2디카페인 플랫 화이트: 5,900원
1/2디카페인 스타벅스 돌체 라떼: 6,200원
1/2디카페인 카라멜 마키아또: 6,200원
1/2디카페인 카페 라떼: 5,300원
1/2디카페인 카페 아메리카노: 4,800원
산타 베어리스타 케이크: 8,300원
1/2디카페인 카페 모카: 5,800원
1/2디카페인 카푸치노: 5,300원
1/2디카페인 화이트 초콜릿 모카: 6,200원
1/2디카페인 커피 스타벅스 더블 샷: 5,400원
1/2디카페인 바닐라 스타벅스 더블 샷: 5,400원
1/2디카페인 헤이즐넛 스타벅스 더블 샷: 5,400원
1/2디카페인 에스프레소: 4,000원
1/2디카페인 에스프레소 콘 파나: 4,200원
1/2디카페인 에스프레소 마키아또: 4,000원
트러플 머쉬룸 수프: 4,200원
필리 치즈 브리오슈 샌드위치: 7,900원
홀리데이 버터 쿠키 틴 세트: 23,000원
1/2디카페인 더블 에스프레소 칩 프라푸치노: 6,800원
딸기주스 190ML: 4,500원
디카페인 카페 라떼: 5,300원
오늘의 커피 - 크리스마스 블렌드: 4,200원
플랫 화이트: 5,600원
스타벅스 딸기 라떼: 6,500원
트리 레드벨벳 치즈 케이크: 7,700원
더블 에그 브렉퍼스트 & 체다 샌드위치: 5,700원
홀리데이 너티 쿠키 틴 세트: 12,900원
멜팅 치즈 햄 & 어니언 샌드위치: 6,900원
고구마 카스텔라 생크림 케이크: 7,100원
홀리데이 눈사람 쿠키 카드: 6,300원
카페 아메리카노: 4,500원
유기농 오렌지 100% 주스 190ML: 4,900원
세사미 포테이토 탕종 베이글 샌드: 6,900원
홀리데이 강아지 쿠키 카드: 6,300원
디카페인 플랫 화이트: 5,900원
블론드 플랫 화이트: 5,600원
베이컨 체다 & 오믈렛 샌드위치: 5,900원
카페 라떼: 5,000원
돌체 콜드 브루: 6,000원
더블 치킨 브레스트 체다 & 에그 샌드위치: 5,700원
클로버 베어리 쿠키 카드: 6,100원
시그니처 핫 초콜릿: 5,700원
바닐라 크림 콜드 브루: 5,800원
디카페인 스타벅스 돌체 라떼: 6,200원
블론드 카페 아메리카노: 4,500원
수박 주스 190ML: 4,500원
제주 말차 크림 프라푸치노: 6,500원
딸기 가득 요거트 190ML: 4,100원
풀드 포크 바게트번 샌드위치: 7,300원
클로버 쿠키 카드: 6,100원
오늘의 커피: 4,200원
토마토 치킨 바게트번 샌드위치: 7,300원
아이스 커피: 4,500원
블론드 카페 라떼: 5,000원
바질 토마토 탕종 베이글 샌드: 5,900원
치킨 & 머쉬룸 멜팅 치즈 샌드위치: 6,900원
스노우맨 바움쿠헨: 9,500원
햄 & 딥 치즈 소금빵: 5,400원
스타벅스 돌체 라떼: 5,900원
블론드 바닐라 더블 샷 마키아또: 5,900원
오트 콜드 브루: 5,800원
단호박 에그 샐러드 샌드위치: 5,500원
카페 모카: 5,500원
치킨 베이컨 랩: 6,500원
B.E.L.T. 샌드위치: 5,900원
베이컨 치즈 토스트: 4,900원
자바 칩 프라푸치노: 6,500원
콜드 브루: 4,900원
햇사과 주스 190ML: 4,700원
딸기 딜라이트 요거트 블렌디드: 6,500원
얼 그레이 바닐라 티 라떼: 6,100원
블론드 스타벅스 돌체 라떼: 5,900원
스타벅스 너티 쿠키: 1,500원
스타벅스 너티 쿠키 10개입: 15,000원
스타벅스 너티 쿠키 틴 세트: 12,900원
카푸치노: 5,000원
화이트 초콜릿 카우보이 쿠키: 2,800원
에그에그 샌드위치: 4,400원
라이트 핑크 자몽 피지오: 6,300원
비스코티 크래커: 13,900원
치킨 클래식 샌드위치: 6,900원
청크 초콜릿 쿠키 틴 세트: 15,900원
카라멜 마키아또: 5,900원
치즈 포크 커틀릿 샌드위치: 6,200원
스팀 우유: 4,100원
디카페인 카라멜 마키아또: 6,200원
스타벅스 클래식 밀크 티: 5,900원
블론드 카페 모카: 5,500원
블론드 카푸치노: 5,000원
스퀴즈드 오렌지 주스 100ML: 3,800원
다크 초콜릿 카우보이 쿠키: 2,800원
블론드 카라멜 마키아또: 5,900원
블론드 화이트 초콜릿 모카: 5,900원
블론드 커피 스타벅스 더블 샷: 5,100원
돌체 핑거 초콜릿: 2,500원
블론드 바닐라 스타벅스 더블 샷: 5,100원
차이 티 라떼: 5,500원
초콜릿 크림 칩 프라푸치노: 6,200원
망고 바나나 블렌디드: 6,600원
우유: 4,100원","{
    ""월"": {
        ""영업시간"": ""07:00 - 22:00"",
        ""브레이크타임"": ""브레이크타임 없음"",
        ""라스트오더"": ""라스트오더 없음""
    },
    ""화"": {
        ""영업시간"": ""[오늘] 12.24 (화)07:00 - 22:00"",
        ""브레이크타임"": ""브레이크타임 없음"",
        ""라스트오더"": ""라스트오더 없음""
    },
    ""수"": {
        ""영업시간"": ""07:30 - 22:00"",
        ""브레이크타임"": ""브레이크타임 없음"",
        ""라스트오더"": ""라스트오더 없음""
    },
    ""목"": {
        ""영업시간"": ""07:00 - 22:00"",
        ""브레이크타임"": ""브레이크타임 없음"",
        ""라스트오더"": ""라스트오더 없음""
    },
    ""금"": {
        ""영업시간"": ""07:00 - 22:00"",
        ""브레이크타임"": ""브레이크타임 없음"",
        ""라스트오더"": ""라스트오더 없음""
    },
    ""토"": {
        ""영업시간"": ""07:30 - 22:00"",
        ""브레이크타임"": ""브레이크타임 없음"",
        ""라스트오더"": ""라스트오더 없음""
    },
    ""일"": {
        ""영업시간"": ""07:30 - 22:00"",
        ""브레이크타임"": ""브레이크타임 없음"",
        ""라스트오더"": ""라스트오더 없음""
    }
}"
NsvggFCAHlbC,이디야커피 광명역데시앙점,"경기도 광명시 양지로 21 티타워 217호 지번
지도보기",02-897-2217,"우유생크림 조각케익: 4,900원
(R)ICED흑임자 크림라떼: 4,500원
(R)버블 흑당 라떼: 4,700원
크리미피넛 감자쿠키: 2,800원
(EX)ICED 시그니처 라떼: 5,900원
(EX)ICED 달고나 라떼: 4,900원
(EX)복숭아 아이스티: 3,900원
(MD)피치얼그레이: 13,000원
대파베이컨 크림치즈 베이글: 4,200원
(병)석류 애플라임: 3,000원
(R)흑당 라떼: 3,700원
(R)콜드브루 라떼: 4,500원
밀크 휘낭시에: 2,500원
(R)오리진 쉐이크: 4,700원
고구마 말랭이: 3,000원
(R)살얼음 식혜: 4,200원
(L)HOT 민트 모히또 라떼: 4,900원
스틱커피바닐라라떼(20T): 8,900원
(R)레몬 아이스티: 2,900원
(EX)흑당 라떼: 4,900원
(Decaf)(R)콜드브루 라떼: 4,800원
(EX)살얼음 식혜: 5,200원
(L)ICED 민트 모히또 라떼: 4,900원
베이컨포테이토 스퀘어피자: 4,200원
(변우석)스틱커피 오리지널 아메리카노 20T: 4,700원
이디야 단백질바 초코쿠키: 1,400원
(EX)레몬 아이스티: 3,900원
(R)HOT 초콜릿: 3,900원
(병)이디야 사과주스: 3,000원
(R)콜드브루 화이트 비엔나: 4,900원
펄슈가 카스테라: 3,100원
(EX)HOT 민트 모히또 라떼: 6,100원
(R)HOT 쌍화차: 4,200원
이디야 비타민바 그릭요거트: 1,400원
스틱커피토피넛라떼(20T): 9,600원
(R)아샷추 복숭아: 3,400원
크루아상: 2,900원
(Decaf)(R)콜드브루 화이트 비엔나: 5,200원
이디야키즈 뽀로로 사과매실: 1,500원
미니프레첼 초코맛: 1,500원
(R)ICED 초콜릿: 3,900원
(EX)ICED 민트 모히또 라떼: 6,100원
(R)ICED 쌍화차: 4,200원
에그 베이컨 과카몰리 샌드위치: 5,000원
(MD)이디야 석류애플라임티: 9,800원
이디야키즈 뽀로로 오렌지: 1,500원
(MD)이디야 자몽 네이블오렌지티: 9,800원
(EX)HOT 초콜릿: 5,100원
(L)HOT 연유 카페 라떼: 4,500원
(EX)연유 콜드브루: 5,900원
(R)HOT 생강차: 4,200원
페퍼로니 피자 샌드위치: 5,000원
이디야키즈 뽀로로 포도블루베리: 1,500원
(EX)ICED 초콜릿: 5,100원
(L)ICED 연유 카페 라떼: 4,500원
(Decaf)(EX)연유 콜드브루: 6,200원
(R)ICED 생강차: 4,200원
(R)연유 콜드브루: 4,700원
플레인 와플: 2,700원
이디야 감귤&한라봉 주스: 3,400원
(R)HOT 민트 초콜릿: 4,200원
(EX)콜드브루: 4,900원
(EX)HOT 연유 카페 라떼: 5,700원
초코렛 청크 쿠키: 2,100원
크림치즈 와플: 3,600원
(R)HOT 밀크티: 4,200원
(R)ICED 민트 초콜릿: 4,200원
(Decaf)(EX)콜드브루: 5,200원
(R)초코 쿠키 쉐이크: 4,900원
(EX)ICED 연유 카페 라떼: 5,700원
화이트초코 마카다미아 쿠키: 2,100원
생크림 와플: 2,900원
스틱커피디카페인아메리카노(20T): 4,700원
(R)ICED 밀크티: 4,200원
이너츠: 1,400원
(R)HOT 녹차 라떼: 3,900원
(L)ICED 달달커피: 2,900원
(EX)콜드브루 라떼: 5,700원
메이플 와플: 3,200원
초코생크림 조각케익: 4,900원
스틱커피디카페인아메리카노(80+20T): 16,400원
(EX)ICED 석류 애플라임: 5,100원
플레인 치즈스틱케익: 2,400원
(R)ICED 녹차 라떼: 3,900원
(EX)ICED 달달커피: 3,900원
(Decaf)(EX)콜드브루 라떼: 6,000원
프레즐: 2,700원
(EX)ICED 유자 피나콜라다: 5,100원
초코 치즈스틱케익: 2,400원
(R)바닐라 오트 콜드브루: 5,200원
(EX)ICED흑임자 크림라떼: 5,700원
(EX)HOT 녹차 라떼: 5,100원
(L)HOT 카페 라떼: 4,200원
플레인 베이글: 2,500원
(EX)ICED 자몽 네이블오렌지: 5,100원
(EX)ICED 녹차 라떼: 5,100원
(Decaf)(R)바닐라 오트 콜드브루: 5,500원
크랜베리월넛 베이글: 2,500원
(R)HOT 자몽차: 4,200원
(L)ICED 카페 라떼: 4,200원
(R)HOT 12곡 라떼: 3,700원
팥 붕어빵: 2,500원
오리지널 핫번: 2,900원
(R)HOT 유자차: 4,200원
(EX)HOT 카페 라떼: 5,400원
(R)ICED 12곡 라떼: 3,700원
(R)HOT 자몽 네이블오렌지: 4,500원
(EX)ICED 카페 라떼: 5,400원
크로크무슈: 4,700원
(R)HOT 토피 넛 라떼: 4,200원
(R)HOT 유자 피나콜라다: 4,500원
(L)HOT 카페 모카: 4,500원
(L)자몽포멜로 에이드: 4,700원
(EX)자몽포멜로 에이드: 5,700원
소고기 브리또: 4,200원
(R)ICED 토피 넛 라떼: 4,200원
(R)HOT 석류 오리지널: 4,200원
핫치킨 브리또: 4,200원
(L)ICED 카페 모카: 4,500원
(EX)HOT 토피 넛 라떼: 5,400원
잉글리쉬 머핀: 3,700원
(R)HOT 석류 애플라임: 4,500원
(EX)HOT 카페 모카: 5,700원
(EX)ICED 토피 넛 라떼: 5,400원
(R)꿀복숭아 플랫치노: 3,900원
(R)HOT 그린루이보스: 3,200원
(EX)ICED 카페 모카: 5,700원
(R)ICED 고구마 라떼: 4,200원
초코칩 머핀: 2,500원
(L)HOT 카라멜 마끼아또: 4,500원
(R)ICED 그린루이보스: 3,200원
(R)HOT 고구마 라떼: 4,200원
플레인 크로플: 2,900원
(L)ICED 카라멜 마끼아또: 4,500원
(R)HOT 샤인히비스커스: 3,200원
스틱커피마일드아메리카노(20T): 4,700원
(R)딸기주스: 4,500원
(EX)HOT 카라멜 마끼아또: 5,700원
(R)ICED 샤인히비스커스: 3,200원
매콤 로제 구운 주먹밥: 2,000원
(R)골드키위주스: 4,500원
(EX)ICED 카라멜 마끼아또: 5,700원
(R)HOT 스프링캐모마일: 3,200원
까르보나라 구운 주먹밥: 2,000원
(R)홍시주스: 4,500원
(R)ICED 스프링캐모마일: 3,200원
(EX)살얼음 홍시 동동 수정과: 5,200원
(L)HOT 바닐라 라떼: 4,500원
쌍쌍 츄로스: 2,200원
(R)HOT 퓨어페퍼민트: 3,200원
(L)ICED 바닐라 라떼: 4,500원
(R)ICED 퓨어페퍼민트: 3,200원
(EX)HOT 바닐라 라떼: 5,700원
스위트칠리 킬바사 핫도그: 4,300원
(R)HOT 피치얼그레이: 3,200원
(EX)ICED 바닐라 라떼: 5,700원
콘마요 킬바사 핫도그: 4,300원
이디야 콤부차 복숭아망고: 3,900원
(R)ICED 피치얼그레이: 3,200원
(Decaf)(L)HOT 시그니처 라떼: 5,200원
(L)HOT 민트 모카: 4,900원
(EX)HOT 그린루이보스: 4,200원
(L)ICED 민트 모카: 4,900원
(Decaf)(L)ICED 시그니처 라떼: 5,200원
(EX)ICED 그린루이보스: 4,200원
(L)HOT 화이트 초콜릿 모카: 4,500원
(Deacf)(EX)HOT 시그니처 라: 6,400원
(EX)HOT 샤인히비스커스: 4,200원
(L)ICED 카페 아메리카노: 3,200원
(Decaf)(EX)ICED 시그니처 라떼: 6,400원
(L)ICED 화이트 초콜릿 모카: 4,500원
(Decaf)(L)HOT 민트 모히또 라떼: 5,400원
(EX)HOT 화이트 초콜릿 모카: 5,700원
(EX)HOT 스프링캐모마일: 4,200원
(Decaf)(L)ICED 민트 모히또 라떼: 5,400원
(EX)ICED 화이트 초콜릿 모카: 5,700원
(EX)ICED 스프링캐모마일: 4,200원
(L)ICED 넛츠 크림 라떼: 4,700원
(Decaf)(EX)HOT 민트 모히또 라떼: 6,600원
(EX)버블 흑당 라떼: 5,900원
(EX)HOT 피치얼그레이: 4,200원
(Decaf)(EX)ICED 민트 모히또 라떼: 6,600원
(EX)ICED 피치얼그레이: 4,200원
(EX)ICED 샤인히비스커스: 4,200원
(EX)HOT 퓨어 페퍼민트: 4,200원
(EX)ICED 퓨어 페퍼민트: 4,200원
(R)ICED 홀리데이 뱅쇼: 4,500원
(R)HOT 홀리데이 레드뱅쇼: 4,500원
(EX)ICED 홀리데이 레드뱅쇼: 5,900원
(EX)HOT 홀리데이 레드뱅쇼: 5,900원
(MD)이디야 제주청귤블라썸티: 9,800원
(R)HOT 윈터 화이트뱅쇼: 4,500원
(R)ICED 윈터 화이트뱅쇼: 4,500원
(EX)ICED 윈터 화이트뱅쇼: 5,900원
(EX)HOT 윈터 화이트뱅쇼: 5,900원
이디야 제로슈가 쿠키 더블초코: 2,800원
이디야 제로슈가 쿠키 스윗오트: 2,800원
(변우석)스틱커피 오리지널 아메리카노 80+20T: 16,400원
(R)제로슈가 아샷추 복숭아: 3,400원
꿀호떡: 2,000원
(Decaf)(R)연유 콜드브루: 5,000원
(R)딸기 쉐이크: 5,200원
초코티라미수 조각케익: 4,900원
슈크림 붕어빵: 2,500원
(L)머스캣모히또 에이드: 4,700원
(R)초콜릿 칩 플랫치노: 4,500원
(R)HOT 홍시 동동 수정과: 4,200원
(R)HOT흑임자 크림라떼: 4,500원
미니프레첼 볶음양념맛: 1,200원
이디야 콤부차 석류애플라임: 3,900원
(R)살얼음 홍시 동동 수정과: 4,200원
(EX)HOT 카페 아메리카노: 4,200원
(R)버블 크림 밀크티: 4,700원
(EX)아샷추 복숭아: 4,400원
(변우석)스틱커피 골드블렌드 30T: 5,400원
(R)흑당 콜드브루: 4,200원
(MD)그린루이보스: 13,000원
(EX)흑당 콜드브루: 5,400원
수플레 치즈 조각케익: 4,900원
(EX)머스캣모히또 에이드: 5,700원
스틱커피스페셜에디션(20T): 4,700원
이디야 콤부차 청포도레몬: 3,900원
(EX)HOT 홍시 동동 수정과: 5,200원
(EX)HOT흑임자 크림라떼: 5,700원
바닐라 웨이퍼스: 2,200원
(EX)ICED 카페 아메리카노: 4,200원
(R)민트 초콜릿 칩 플랫치노: 4,500원
비타민주스 믹스베리: 3,300원
(R)아망추(복숭아): 3,900원
(변우석)스틱커피 골드블렌드 100T: 14,700원
콘치즈 계란빵: 2,900원
(MD)샤인히비스커스: 13,000원
(R)망고 플랫치노: 3,900원
(R)딸기 듬뿍 라떼: 3,900원
(Decaf)(R)흑당 콜드브루: 4,500원
데블스 초코 조각케익: 4,900원
(L)감귤레몬 에이드: 4,700원
(R)ICED배 모과차: 4,200원
청크초코칩 크루키: 4,600원
스틱커피오리지널아메리카노(80+20T): 16,400원
미니코코 크런치: 1,900원
(L)HOT 시그니처 라떼: 4,700원
(R)플레인 요거트 플랫치노: 4,500원
스틱커피오리지널아메리카노(20T): 4,700원
비타민주스 애플망고: 3,300원
(EX)아망추(복숭아): 4,900원
(MD)스프링캐모마일: 13,000원
(EX)딸기 듬뿍 라떼: 5,300원
(Decaf)(EX)흑당 콜드브루: 5,700원
(EX)감귤레몬 에이드: 5,700원
(EX)ICED배 모과차: 5,200원
스틱커피마일드아메리카노(80+20T): 16,400원
크리미초코 감자쿠키: 2,800원
(L)ICED 시그니처 라떼: 4,700원
아이스콘 초코(케이스): 4,000원
이디야 사과&당근 주스: 3,400원
(R)블루베리 요거트 플랫치노: 4,700원
허니 카라멜 브레드: 5,200원
(R)복숭아 아이스티: 2,900원
(MD)퓨어페퍼민트: 13,000원
(병)유자 피나콜라다: 3,000원
(R)ICED 달고나 라떼: 3,700원
(R)콜드브루: 3,900원
스틱커피스페셜에디션(80+20T): 16,400원
(R)HOT배 모과차: 4,200원
(L)HOT 카페 아메리카노: 3,200원
(EX)HOT 시그니처 라떼: 5,900원
(R)딸기 요거트 플랫치노: 4,700원
(R)제로슈가 아이스티 복숭아: 2,900원
메이플 넛 브레드: 5,400원
(MD)프레시그린티: 13,000원
(병)자몽 네이블오렌지: 3,000원
소금빵: 3,000원
(Decaf)(R)콜드브루: 4,200원
(EX)HOT배 모과차: 5,200원
스틱커피카페라떼(20T): 7,900원
우유생크림 조각케익: 4,900원
(R)ICED흑임자 크림라떼: 4,500원
(R)버블 흑당 라떼: 4,700원
크리미피넛 감자쿠키: 2,800원
(EX)ICED 시그니처 라떼: 5,900원
(EX)ICED 달고나 라떼: 4,900원
(EX)복숭아 아이스티: 3,900원
(MD)피치얼그레이: 13,000원
대파베이컨 크림치즈 베이글: 4,200원
(병)석류 애플라임: 3,000원
(R)흑당 라떼: 3,700원
(R)콜드브루 라떼: 4,500원
밀크 휘낭시에: 2,500원
(R)오리진 쉐이크: 4,700원
고구마 말랭이: 3,000원
(R)살얼음 식혜: 4,200원
(L)HOT 민트 모히또 라떼: 4,900원
스틱커피바닐라라떼(20T): 8,900원
(R)레몬 아이스티: 2,900원
(EX)흑당 라떼: 4,900원
(Decaf)(R)콜드브루 라떼: 4,800원
(EX)살얼음 식혜: 5,200원
(L)ICED 민트 모히또 라떼: 4,900원
베이컨포테이토 스퀘어피자: 4,200원
(변우석)스틱커피 오리지널 아메리카노 20T: 4,700원
이디야 단백질바 초코쿠키: 1,400원
(EX)레몬 아이스티: 3,900원
(R)HOT 초콜릿: 3,900원
(병)이디야 사과주스: 3,000원
(R)콜드브루 화이트 비엔나: 4,900원
펄슈가 카스테라: 3,100원
(EX)HOT 민트 모히또 라떼: 6,100원
(R)HOT 쌍화차: 4,200원
이디야 비타민바 그릭요거트: 1,400원
스틱커피토피넛라떼(20T): 9,600원
(R)아샷추 복숭아: 3,400원
크루아상: 2,900원
(Decaf)(R)콜드브루 화이트 비엔나: 5,200원
이디야키즈 뽀로로 사과매실: 1,500원
미니프레첼 초코맛: 1,500원
(R)ICED 초콜릿: 3,900원
(EX)ICED 민트 모히또 라떼: 6,100원
(R)ICED 쌍화차: 4,200원
에그 베이컨 과카몰리 샌드위치: 5,000원
(MD)이디야 석류애플라임티: 9,800원
이디야키즈 뽀로로 오렌지: 1,500원
(MD)이디야 자몽 네이블오렌지티: 9,800원
(EX)HOT 초콜릿: 5,100원
(L)HOT 연유 카페 라떼: 4,500원
(EX)연유 콜드브루: 5,900원
(R)HOT 생강차: 4,200원
페퍼로니 피자 샌드위치: 5,000원
이디야키즈 뽀로로 포도블루베리: 1,500원
(EX)ICED 초콜릿: 5,100원
(L)ICED 연유 카페 라떼: 4,500원
(Decaf)(EX)연유 콜드브루: 6,200원
(R)ICED 생강차: 4,200원
(R)연유 콜드브루: 4,700원
플레인 와플: 2,700원
이디야 감귤&한라봉 주스: 3,400원
(R)HOT 민트 초콜릿: 4,200원
(EX)콜드브루: 4,900원
(EX)HOT 연유 카페 라떼: 5,700원
초코렛 청크 쿠키: 2,100원
크림치즈 와플: 3,600원
(R)HOT 밀크티: 4,200원
(R)ICED 민트 초콜릿: 4,200원
(Decaf)(EX)콜드브루: 5,200원
(R)초코 쿠키 쉐이크: 4,900원
(EX)ICED 연유 카페 라떼: 5,700원
화이트초코 마카다미아 쿠키: 2,100원
생크림 와플: 2,900원
스틱커피디카페인아메리카노(20T): 4,700원
(R)ICED 밀크티: 4,200원
이너츠: 1,400원
(R)HOT 녹차 라떼: 3,900원
(L)ICED 달달커피: 2,900원
(EX)콜드브루 라떼: 5,700원
메이플 와플: 3,200원
초코생크림 조각케익: 4,900원
스틱커피디카페인아메리카노(80+20T): 16,400원
(EX)ICED 석류 애플라임: 5,100원
플레인 치즈스틱케익: 2,400원
(R)ICED 녹차 라떼: 3,900원
(EX)ICED 달달커피: 3,900원
(Decaf)(EX)콜드브루 라떼: 6,000원
프레즐: 2,700원
(EX)ICED 유자 피나콜라다: 5,100원
초코 치즈스틱케익: 2,400원
(R)바닐라 오트 콜드브루: 5,200원
(EX)ICED흑임자 크림라떼: 5,700원
(EX)HOT 녹차 라떼: 5,100원
(L)HOT 카페 라떼: 4,200원
플레인 베이글: 2,500원
(EX)ICED 자몽 네이블오렌지: 5,100원
(EX)ICED 녹차 라떼: 5,100원
(Decaf)(R)바닐라 오트 콜드브루: 5,500원
크랜베리월넛 베이글: 2,500원
(R)HOT 자몽차: 4,200원
(L)ICED 카페 라떼: 4,200원
(R)HOT 12곡 라떼: 3,700원
팥 붕어빵: 2,500원
오리지널 핫번: 2,900원
(R)HOT 유자차: 4,200원
(EX)HOT 카페 라떼: 5,400원
(R)ICED 12곡 라떼: 3,700원
(R)HOT 자몽 네이블오렌지: 4,500원
(EX)ICED 카페 라떼: 5,400원
크로크무슈: 4,700원
(R)HOT 토피 넛 라떼: 4,200원
(R)HOT 유자 피나콜라다: 4,500원
(L)HOT 카페 모카: 4,500원
(L)자몽포멜로 에이드: 4,700원
(EX)자몽포멜로 에이드: 5,700원
소고기 브리또: 4,200원
(R)ICED 토피 넛 라떼: 4,200원
(R)HOT 석류 오리지널: 4,200원
핫치킨 브리또: 4,200원
(L)ICED 카페 모카: 4,500원
(EX)HOT 토피 넛 라떼: 5,400원
잉글리쉬 머핀: 3,700원
(R)HOT 석류 애플라임: 4,500원
(EX)HOT 카페 모카: 5,700원
(EX)ICED 토피 넛 라떼: 5,400원
(R)꿀복숭아 플랫치노: 3,900원
(R)HOT 그린루이보스: 3,200원
(EX)ICED 카페 모카: 5,700원
(R)ICED 고구마 라떼: 4,200원
초코칩 머핀: 2,500원
(L)HOT 카라멜 마끼아또: 4,500원
(R)ICED 그린루이보스: 3,200원
(R)HOT 고구마 라떼: 4,200원
플레인 크로플: 2,900원
(L)ICED 카라멜 마끼아또: 4,500원
(R)HOT 샤인히비스커스: 3,200원
스틱커피마일드아메리카노(20T): 4,700원
(R)딸기주스: 4,500원
(EX)HOT 카라멜 마끼아또: 5,700원
(R)ICED 샤인히비스커스: 3,200원
매콤 로제 구운 주먹밥: 2,000원
(R)골드키위주스: 4,500원
(EX)ICED 카라멜 마끼아또: 5,700원
(R)HOT 스프링캐모마일: 3,200원
까르보나라 구운 주먹밥: 2,000원
(R)홍시주스: 4,500원
(R)ICED 스프링캐모마일: 3,200원
(EX)살얼음 홍시 동동 수정과: 5,200원
(L)HOT 바닐라 라떼: 4,500원
쌍쌍 츄로스: 2,200원
(R)HOT 퓨어페퍼민트: 3,200원
(L)ICED 바닐라 라떼: 4,500원
(R)ICED 퓨어페퍼민트: 3,200원
(EX)HOT 바닐라 라떼: 5,700원
스위트칠리 킬바사 핫도그: 4,300원
(R)HOT 피치얼그레이: 3,200원
(EX)ICED 바닐라 라떼: 5,700원
콘마요 킬바사 핫도그: 4,300원
이디야 콤부차 복숭아망고: 3,900원
(R)ICED 피치얼그레이: 3,200원
(Decaf)(L)HOT 시그니처 라떼: 5,200원
(L)HOT 민트 모카: 4,900원
(EX)HOT 그린루이보스: 4,200원
(L)ICED 민트 모카: 4,900원
(Decaf)(L)ICED 시그니처 라떼: 5,200원
(EX)ICED 그린루이보스: 4,200원
(L)HOT 화이트 초콜릿 모카: 4,500원
(Deacf)(EX)HOT 시그니처 라: 6,400원
(EX)HOT 샤인히비스커스: 4,200원
(L)ICED 카페 아메리카노: 3,200원
(Decaf)(EX)ICED 시그니처 라떼: 6,400원
(L)ICED 화이트 초콜릿 모카: 4,500원
(Decaf)(L)HOT 민트 모히또 라떼: 5,400원
(EX)HOT 화이트 초콜릿 모카: 5,700원
(EX)HOT 스프링캐모마일: 4,200원
(Decaf)(L)ICED 민트 모히또 라떼: 5,400원
(EX)ICED 화이트 초콜릿 모카: 5,700원
(EX)ICED 스프링캐모마일: 4,200원
(L)ICED 넛츠 크림 라떼: 4,700원
(Decaf)(EX)HOT 민트 모히또 라떼: 6,600원
(EX)버블 흑당 라떼: 5,900원
(EX)HOT 피치얼그레이: 4,200원
(Decaf)(EX)ICED 민트 모히또 라떼: 6,600원
(EX)ICED 피치얼그레이: 4,200원
(EX)ICED 샤인히비스커스: 4,200원
(EX)HOT 퓨어 페퍼민트: 4,200원
(EX)ICED 퓨어 페퍼민트: 4,200원
(R)ICED 홀리데이 뱅쇼: 4,500원
(R)HOT 홀리데이 레드뱅쇼: 4,500원
(EX)ICED 홀리데이 레드뱅쇼: 5,900원
(EX)HOT 홀리데이 레드뱅쇼: 5,900원
(MD)이디야 제주청귤블라썸티: 9,800원
(R)HOT 윈터 화이트뱅쇼: 4,500원
(R)ICED 윈터 화이트뱅쇼: 4,500원
(EX)ICED 윈터 화이트뱅쇼: 5,900원
(EX)HOT 윈터 화이트뱅쇼: 5,900원
이디야 제로슈가 쿠키 더블초코: 2,800원
이디야 제로슈가 쿠키 스윗오트: 2,800원
(변우석)스틱커피 오리지널 아메리카노 80+20T: 16,400원
(R)제로슈가 아샷추 복숭아: 3,400원
꿀호떡: 2,000원
(Decaf)(R)연유 콜드브루: 5,000원
(R)딸기 쉐이크: 5,200원
초코티라미수 조각케익: 4,900원
슈크림 붕어빵: 2,500원
(L)머스캣모히또 에이드: 4,700원
(R)초콜릿 칩 플랫치노: 4,500원
(R)HOT 홍시 동동 수정과: 4,200원
(R)HOT흑임자 크림라떼: 4,500원
미니프레첼 볶음양념맛: 1,200원
이디야 콤부차 석류애플라임: 3,900원
(R)살얼음 홍시 동동 수정과: 4,200원
(EX)HOT 카페 아메리카노: 4,200원
(R)버블 크림 밀크티: 4,700원
(EX)아샷추 복숭아: 4,400원
(변우석)스틱커피 골드블렌드 30T: 5,400원
(R)흑당 콜드브루: 4,200원
(MD)그린루이보스: 13,000원
(EX)흑당 콜드브루: 5,400원
수플레 치즈 조각케익: 4,900원
(EX)머스캣모히또 에이드: 5,700원
스틱커피스페셜에디션(20T): 4,700원
이디야 콤부차 청포도레몬: 3,900원
(EX)HOT 홍시 동동 수정과: 5,200원
(EX)HOT흑임자 크림라떼: 5,700원
바닐라 웨이퍼스: 2,200원
(EX)ICED 카페 아메리카노: 4,200원
(R)민트 초콜릿 칩 플랫치노: 4,500원
비타민주스 믹스베리: 3,300원
(R)아망추(복숭아): 3,900원
(변우석)스틱커피 골드블렌드 100T: 14,700원
콘치즈 계란빵: 2,900원
(MD)샤인히비스커스: 13,000원
(R)망고 플랫치노: 3,900원
(R)딸기 듬뿍 라떼: 3,900원
(Decaf)(R)흑당 콜드브루: 4,500원
데블스 초코 조각케익: 4,900원
(L)감귤레몬 에이드: 4,700원
(R)ICED배 모과차: 4,200원
청크초코칩 크루키: 4,600원
스틱커피오리지널아메리카노(80+20T): 16,400원
미니코코 크런치: 1,900원
(L)HOT 시그니처 라떼: 4,700원
(R)플레인 요거트 플랫치노: 4,500원
스틱커피오리지널아메리카노(20T): 4,700원
비타민주스 애플망고: 3,300원
(EX)아망추(복숭아): 4,900원
(MD)스프링캐모마일: 13,000원
(EX)딸기 듬뿍 라떼: 5,300원
(Decaf)(EX)흑당 콜드브루: 5,700원
(EX)감귤레몬 에이드: 5,700원
(EX)ICED배 모과차: 5,200원
스틱커피마일드아메리카노(80+20T): 16,400원
크리미초코 감자쿠키: 2,800원
(L)ICED 시그니처 라떼: 4,700원
아이스콘 초코(케이스): 4,000원
이디야 사과&당근 주스: 3,400원
(R)블루베리 요거트 플랫치노: 4,700원
허니 카라멜 브레드: 5,200원
(R)복숭아 아이스티: 2,900원
(MD)퓨어페퍼민트: 13,000원
(병)유자 피나콜라다: 3,000원
(R)ICED 달고나 라떼: 3,700원
(R)콜드브루: 3,900원
스틱커피스페셜에디션(80+20T): 16,400원
(R)HOT배 모과차: 4,200원
(L)HOT 카페 아메리카노: 3,200원
(EX)HOT 시그니처 라떼: 5,900원
(R)딸기 요거트 플랫치노: 4,700원
(R)제로슈가 아이스티 복숭아: 2,900원
메이플 넛 브레드: 5,400원
(MD)프레시그린티: 13,000원
(병)자몽 네이블오렌지: 3,000원
소금빵: 3,000원
(Decaf)(R)콜드브루: 4,200원
(EX)HOT배 모과차: 5,200원
스틱커피카페라떼(20T): 7,900원","{
    ""월"": {
        ""영업시간"": ""08:00 - 22:00"",
        ""브레이크타임"": ""브레이크타임 없음"",
        ""라스트오더"": ""라스트오더 없음""
    },
    ""화"": {
        ""영업시간"": ""[오늘] 12.24 (화)08:00 - 22:00"",
        ""브레이크타임"": ""브레이크타임 없음"",
        ""라스트오더"": ""라스트오더 없음""
    },
    ""수"": {
        ""영업시간"": ""09:00 - 20:00"",
        ""브레이크타임"": ""브레이크타임 없음"",
        ""라스트오더"": ""라스트오더 없음""
    },
    ""목"": {
        ""영업시간"": ""08:00 - 22:00"",
        ""브레이크타임"": ""브레이크타임 없음"",
        ""라스트오더"": ""라스트오더 없음""
    },
    ""금"": {
        ""영업시간"": ""08:00 - 22:00"",
        ""브레이크타임"": ""브레이크타임 없음"",
        ""라스트오더"": ""라스트오더 없음""
    },
    ""토"": {
        ""영업시간"": ""09:00 - 22:00"",
        ""브레이크타임"": ""브레이크타임 없음"",
        ""라스트오더"": ""라스트오더 없음""
    },
    ""일"": {
        ""영업시간"": ""09:00 - 22:00"",
        ""브레이크타임"": ""브레이크타임 없음"",
        ""라스트오더"": ""라스트오더 없음""
    }
}"
